UUID,Title,"First Name","Last Name","Street Address",Barangay,Municipality,Province,Country,"Phone Number","Mobile Number","Company Name","Company Website","Job Title","Favorite Color",Birthdate,"Email Address",Password
2f28ab97-9e10-33c2-a79a-cb980ae0b7ee,Prof.,Ada,Reichert,"69 Lesch Corner Apt. 591","Senger Camp",Toledo,Nevada,Philippines,929-407-836,"+63 (975) 675-8287","Roberts LLC",kertzmann.com,"Spraying Machine Operator",silver,2011-09-17,tom.buckridge@legros.com,"Lvj`m4\D>Q0C[?"
cfab9cdb-bd2f-38ab-ad0b-8453390d5122,Mr.,Kaitlyn,Koss,"89/11 Gleason Brook","Kuvalis Parkways",Ormoc,Missouri,Philippines,311-854-728,"+63 (923) 998-2850","Purdy Group",hirthe.com,"Fashion Model",white,1986-07-30,alessandra68@hotmail.com,"f::V1"")BlCa8l$VpA;A"
4f4f3995-667e-31bf-acbf-26e049fba607,Dr.,Emmitt,Anderson,"12A Renner Glen","Goldner Summit",Biñan,"District of Columbia",Philippines,326-806-860,"+63 (917) 374-5982",Lindgren-Yost,hagenes.com,"Benefits Specialist",navy,2008-10-14,claudine.stanton@hotmail.com,~Uu=$T0qtmN(Hby
fd15ea83-7819-3c00-a5ac-46864fa80336,Prof.,Jamar,Crist,"43A/62 Mann Springs","Powlowski Centers",Samal,Michigan,Philippines,148-731-146,"(0994) 538-5541","Jerde, Hegmann and Ebert",walker.net,TSA,purple,1978-07-25,mkonopelski@hotmail.com,?)(qJY?9Chp}pJNUsd.
0cd06935-cf7f-3057-9dc0-dae997f2f4c6,Prof.,Lance,Gerlach,"56/41 Rogahn Landing Apt. 200","Hegmann Junctions",Palayan,Utah,Philippines,070-424-187,"+63 (916) 410-1355","Wisoky and Sons",denesik.com,"Petroleum Pump System Operator",lime,1990-04-20,nikolaus.lauren@morar.com,"(.+xp""A?-rib],@`"
de23d0ef-377a-3a24-8e7c-f73f38beb236,Ms.,Anderson,Wisoky,"39A Marvin Turnpike Apt. 344","Conroy Canyon","Cagayan de Oro",Nevada,Philippines,376-838-963,"(0931) 814-5944","Kilback, Koch and Toy",labadie.com,"Hairdresser OR Cosmetologist",black,1971-06-15,mhermann@hotmail.com,qtx5E)8cMv{%
7ddb0d33-540a-3fe3-99e6-eb15e563a880,Prof.,Tad,Turner,"47A/80 Hauck Spring","Heathcote Burg",Butuan,"New Hampshire",Philippines,240-959-098,"+63 (977) 467-1629",Casper-Mante,hayes.com,Podiatrist,aqua,1984-06-13,nicholaus.russel@gmail.com,"|,&9iOJ|8*}8C?Co}>u"
c0461b66-5e05-3445-9a17-1bd6591d223f,Dr.,General,Goodwin,"42/71 Bernhard Course Suite 691","Walsh Vista",Caloocan,Connecticut,Philippines,085-018-653,"+63 (907) 027-3100","Reilly, D'Amore and Bogisich",wehner.info,"Bench Jeweler",green,2008-12-30,myrtle.effertz@skiles.com,P<Wkmv
9829d1ff-0058-30d8-908d-602fb941e5bc,Dr.,Electa,Olson,"61/31 Fay Corners","Hills Lock",Iligan,"West Virginia",Philippines,022-260-056,"(0944) 713-3428","Bogan, Boyle and Rath",reichel.com,Welder-Fitter,gray,2006-10-15,jfriesen@yahoo.com,(^(ySM9$Ox_
94624d46-a1db-3ce9-b1ec-c426817da371,Prof.,Rosalia,Bernier,"65A/05 Vandervort Courts Apt. 257","Weissnat Summit",Balanga,"North Carolina",Philippines,075-751-572,"(0813) 836-2783","Buckridge PLC",mcclure.info,"Deburring Machine Operator",navy,2005-05-28,oreilly.deven@hotmail.com,xZ:!.)=QFoUioQh
a5ff9079-8c5f-329e-a40e-1d4f018cbd28,Prof.,Josefa,Strosin,"71 Boyle Crossroad","Swift Ranch",Palayan,Kentucky,Philippines,816-443-137,"+63 (944) 663-4165","Bednar LLC",konopelski.com,"Communication Equipment Worker",yellow,2005-03-08,brandy26@gmail.com,d=0^Ci&-t<(.^u0l}D
bba4e4f4-e398-3f5c-a61e-549ce56da09f,Mr.,Hillary,Watsica,"79 Torp Vista Suite 737","Rolfson Roads","Zamboanga City",Massachusetts,Philippines,037-993-818,"+63 (927) 549-8545","Goldner and Sons",volkman.info,"Nuclear Power Reactor Operator",green,2016-01-07,guy.leuschke@pfeffer.com,"'I&!,M}W_GZ4|g(-5M"
1f9240e8-7814-3c80-9869-bf2b867988bb,Prof.,Kacie,Gerlach,"79A Mante River","Spinka Extensions",Pasay,Alaska,Philippines,669-680-962,"(0918) 796-3081","Mosciski, Steuber and Greenholt",oreilly.net,Webmaster,fuchsia,2023-11-10,faustino.heller@hotmail.com,"hxCE\stG*%k7!a"
39f4c298-7dca-32f8-9a87-09e30d409033,Mr.,Fredrick,Kshlerin,"98 Runolfsdottir Forge","Reynolds Courts",Tagum,Oregon,Philippines,108-981-212,"+63 (920) 381-7462","Kuvalis and Sons",wuckert.com,"Animal Husbandry Worker",olive,2000-02-19,mkreiger@gmail.com,7?S@d]CZa4((7x
77cab8ee-ea46-3221-9604-2a81ad31eb45,Prof.,Veda,Emard,"22A Zboncak Meadow","Jerde Hill",Calbayog,Maine,Philippines,145-238-958,"+63 (975) 524-2922","Sawayn Ltd",raynor.com,"Electrolytic Plating Machine Operator",lime,2006-05-12,prosacco.brook@schroeder.info,'Cy1Tc3}u
50b68f34-5d09-3d07-8e83-12ecf2c5757b,Ms.,Garth,Hand,"61A/43 Lowe Mission Suite 692","Stroman Dam","Batangas City",Maryland,Philippines,903-536-878,"+63 (919) 225-8963","Abernathy PLC",leuschke.org,Orthodontist,green,2012-06-21,nwalsh@gmail.com,;NE_wJ>UG4Bi.
7d907c8c-4935-316b-b449-2dda33c79179,Dr.,Joan,Murazik,"06A/39 Jaskolski Ranch Apt. 959","Veum Branch",Angeles,"West Virginia",Philippines,554-300-245,"(0937) 853-3744","Rutherford PLC",sawayn.net,"Aviation Inspector",navy,1973-12-06,uterry@hills.com,"9|,&PYb[tL){\C%'{\/"
3a03cf85-d93c-3d41-bcc7-b45a8caf1c84,Prof.,Alexandria,Kertzmann,"99A/15 Anderson Haven","Tromp Fort",Bago,Washington,Philippines,463-507-508,"+63 (916) 304-3058","Gleichner Inc",schmidt.com,"Animal Trainer",navy,2016-08-11,randal07@hodkiewicz.com,"!\(!hlF3,T$2$pF+U"
d8decb88-d7a4-31d9-b473-dc9418d9bfd3,Miss,Jedidiah,Harber,"81/24 Wilkinson Forges Apt. 742","Von Gardens",Taguig,Ohio,Philippines,237-815-174,"+63 (907) 444-1243","Berge, Moen and Hagenes",kshlerin.net,"Social Sciences Teacher",purple,1994-04-23,owen16@yahoo.com,4Sxj79
40673d5e-59a7-39fd-b659-5106777f57af,Prof.,Tremayne,Legros,"88 Satterfield Crossing Suite 559","Okuneva Mountain",Cabanatuan,Arizona,Philippines,017-649-837,"+63 (974) 875-3782","Berge, Hickle and Franecki",kihn.info,"Forest Fire Fighter",yellow,2017-01-09,arogahn@weissnat.com,?G*4D0K5=)1tSKYQV
4357a978-6df8-3dc8-9674-ef302be5c4b2,Miss,Stevie,Dietrich,"94/34 Gleason Forges Apt. 888","Harris Isle",Alaminos,Nevada,Philippines,121-261-782,"+63 (933) 769-3895",Wisozk-Blick,macejkovic.com,"Coaches and Scout",olive,2005-11-29,giovanny01@yahoo.com,lr={5vz0)fi
e5bfe375-1a78-3b43-8db3-3369d8456b68,Mr.,Aaliyah,Huel,"55 Goyette Spring Suite 433","Harber Hills",Legazpi,Nebraska,Philippines,005-372-558,"(0977) 291-8501",Schroeder-Rath,rau.com,"Fishing OR Forestry Supervisor",teal,2017-07-21,davis.jamison@gmail.com,F7|(_5-L]95W#E%H~?;
be574f2c-2b9a-3d9e-aa7a-b912d2b56a9e,Mr.,Althea,McLaughlin,"73 Maggio Views","Jast Villages",Digos,Idaho,Philippines,979-443-991,"+63 (939) 700-0364","Hessel, Hegmann and Gaylord",towne.com,"Child Care",maroon,2012-03-22,mateo.konopelski@heathcote.com,xsRuQ3=PoAD0FOB{D*h<
2a975eae-f405-3b59-a46b-703b02f374f7,Mr.,Tommie,Marquardt,"01A O'Conner Expressway Apt. 678","Witting Road","Santa Rosa",Virginia,Philippines,970-073-725,"(0994) 498-3257","Hackett LLC",wilderman.com,"Mathematical Science Teacher",purple,1986-07-20,ucollins@hotmail.com,!:E30.QXQ[1x
5783e207-128b-3eaf-9df3-41f96daca90e,Mrs.,German,Keebler,"75A/65 Grimes Wells","Schneider Locks",Dumaguete,Idaho,Philippines,143-285-827,"+63 (936) 772-8075",Swift-Stehr,schuppe.com,"Textile Machine Operator",yellow,1998-12-13,hleannon@yahoo.com,ILGGOU1Zo<
ce8567e3-e952-3b0d-bedb-b20a0a293918,Ms.,Genevieve,Bode,"77A Conn Ridges","Nikolaus Field",Borongan,Alabama,Philippines,892-848-991,"(0909) 680-4207",Reilly-Stiedemann,spencer.net,"Medical Technician",green,1983-09-03,larkin.deondre@wehner.com,$tGZ5J7{s]-t<xa?
771a2aa1-82ad-3095-aad1-acab7cbb6d43,Prof.,Garnet,Satterfield,"43A Roberts Rapid Apt. 863","Boyer Creek","Davao City",Delaware,Philippines,847-935-491,"(0928) 544-1495","Lubowitz, Gulgowski and Mraz",pacocha.com,"Pantograph Engraver",white,2021-03-18,berry67@mitchell.com,w<MXMS5
8710861f-46de-3d91-824c-fed06c25f0bd,Prof.,Reymundo,Schultz,"14A/94 Sipes Knolls","Konopelski Bridge",Naga,Connecticut,Philippines,608-075-147,"+63 (939) 047-8469","Shanahan and Sons",schuster.com,Paperhanger,fuchsia,2024-01-09,bschulist@yahoo.com,>@8+8r>%$
2be202b4-4e5e-3b72-8373-b2739b0c6719,Dr.,Nannie,Flatley,"73A/95 Brekke Shoal","Runte Motorway","Zamboanga City","Rhode Island",Philippines,155-608-634,"(0920) 287-4485","Ankunding, Walter and Wyman",grimes.com,"Screen Printing Machine Operator",silver,2007-11-01,eunice77@gmail.com,7Ys:54UE9&Viyy
7cd469e4-3083-35ff-b860-f358a847e91f,Dr.,Jo,Wisozk,"62A Hartmann Branch Suite 161","Kohler Ranch","San Jose",Wyoming,Philippines,304-463-674,"(0934) 142-4061",Mertz-Herman,heller.com,"Film Laboratory Technician",fuchsia,2002-06-22,legros.maybell@blanda.com,]kyAQ^R
1434df1f-076e-3f6b-a124-32ad5adaccac,Mrs.,Gudrun,Runte,"05A Rempel Cape","Hegmann Branch","Las Piñas",Iowa,Philippines,102-080-826,"(0934) 101-2773","Gleason Inc",konopelski.biz,Optometrist,white,1971-07-07,hoeger.eloy@gmail.com,';16;}R%:
38916dfe-6a2d-3e8a-807f-e1fd5a74c8f8,Miss,Mariah,Reinger,"57/44 Grimes Manor","Donnelly Village",Iligan,Connecticut,Philippines,107-788-010,"(0948) 327-9914","Lynch, Legros and Becker",koss.biz,"Gas Pumping Station Operator",green,2001-12-15,gemmerich@fritsch.com,9o}~y(B
9112cb69-caec-3393-8ba8-bfc83fb17b7f,Ms.,Rowena,Gibson,"04A/05 Hammes Ramp Suite 613","Dooley Mission","Trece Martires",Alaska,Philippines,190-675-210,"(0998) 397-1635","Waelchi, Reichert and Bode",simonis.info,"Gaming Cage Worker",lime,2023-12-10,aubrey.parker@yundt.com,H}b~9%lWTz;
97639bdd-2177-3864-8a43-5c4342ca4999,Mrs.,Riley,Armstrong,"81/52 Morissette Hills","Roberts Pines",Naga,Oregon,Philippines,357-770-294,"(0928) 214-2307",Wehner-Ferry,smitham.org,"Personnel Recruiter",black,1981-10-12,wrath@bode.com,;7FeFh`j1Y
fd17d001-4620-349d-aeb9-1074abe8d4c8,Ms.,Mertie,Jacobs,"85/58 Green Island","Lockman Pass","Davao City",Louisiana,Philippines,231-382-332,"+63 (973) 958-3086","Halvorson LLC",rosenbaum.info,"Emergency Medical Technician and Paramedic",fuchsia,1982-09-20,billy.lynch@gmail.com,>_z|_5aMUWUokeivDNG
5a3c2989-f003-3f0a-8bcf-f38647bf12d8,Dr.,Ova,Kuvalis,"90A Russel Village Suite 319","Lind Turnpike",Dumaguete,Wisconsin,Philippines,178-960-767,"+63 (927) 365-3645","Borer, Kutch and Marquardt",walter.com,"Transformer Repairer",purple,2002-05-22,connelly.carissa@corkery.com,"XjECMm>p`,{"
ffd1c3a1-08b5-3511-944e-f2a03e3a1efe,Mr.,Tierra,Bahringer,"93A/11 Olson Estates","Kub Prairie",Tagaytay,Alaska,Philippines,087-718-934,"+63 (910) 184-5059",Hayes-Gulgowski,collier.com,"Umpire and Referee",yellow,2015-05-08,benedict99@frami.com,_3LklM
d4f50078-5174-34ae-a90e-5e8c43f5d926,Dr.,Jermey,Von,"78A/64 Bradtke Rapid Apt. 984","Gulgowski Ferry",Canlaon,"North Dakota",Philippines,441-868-664,"+63 (910) 400-3527",Kshlerin-McKenzie,yost.info,"Production Worker",navy,1989-09-22,deckow.kevin@hotmail.com,PZ0AUV`YR
80b428f0-8be9-39b2-8e1b-851892ed13c4,Mrs.,Gordon,Fadel,"57 Rutherford Divide","Smitham Courts","Batangas City",Vermont,Philippines,283-894-286,"(0900) 110-0829",Homenick-Schneider,hoppe.org,Carpenter,aqua,1997-11-22,rohan.earnest@mills.com,[EhHj68!PC5)nBa%
1eb05b03-c574-3000-b319-6b89a5365d29,Mrs.,Jamel,Bradtke,"89A Trantow Crossing","Kohler Divide",Pasay,"West Virginia",Philippines,367-068-983,"(0999) 663-5638","Feil, Kuhlman and Koepp",gutkowski.com,"Mail Clerk",green,1981-05-24,pbins@donnelly.com,k9f9@IV*
41ddeebb-5ee4-3305-a369-3b763d4876a9,Dr.,Lauryn,Conroy,"22/85 Kassulke Corner","Hermann Spur",Kabankalan,Vermont,Philippines,113-185-949,"+63 (948) 029-7395","Koss PLC",frami.com,"Directory Assistance Operator",lime,2001-03-19,maye33@gmail.com,q26JJcr
4b22fa05-a15f-3aa5-8eea-9eb548d80bce,Dr.,Harmony,Crooks,"28 Wiegand Inlet","Altenwerth Cove",Urdaneta,California,Philippines,851-768-265,"(0996) 325-2651","O'Kon and Sons",abbott.net,"Costume Attendant",navy,1975-08-04,anahi05@hotmail.com,"!;C,}`&,xxHeg%{)"
c3c5b194-a828-3785-85ab-9ee2a7eb2d78,Dr.,Madyson,Smith,"20A Dickinson Stream","Lemke Garden",Tagaytay,"West Virginia",Philippines,411-440-211,"(0937) 423-6831","Howe, Terry and Toy",braun.com,"Nuclear Medicine Technologist",white,2008-02-16,schumm.ashlee@hotmail.com,m+Vf#|U?}txEw
af917c6e-192e-3522-a73c-17a88b46a30b,Mr.,Wilbert,Crona,"49 Gutmann Islands Suite 275","Pagac Drives",Candon,"New York",Philippines,333-073-414,"+63 (977) 144-6493",Johnston-Stoltenberg,beatty.info,"Substance Abuse Social Worker",white,1970-07-25,kennedy.wuckert@brown.com,"J\C[Mkv.)!oWWi=@9"
1ea09402-23f4-3792-b3fe-04f3865bef79,Dr.,Candido,Mayert,"88 Jaskolski Manors","Ondricka Mountains",Gapan,Tennessee,Philippines,806-933-145,"(0940) 915-0987","Stokes, Dicki and McLaughlin",feeney.org,"Freight and Material Mover",yellow,2016-06-04,ysmitham@yahoo.com,"430B\o5)P<?d'"
91e66351-eb23-3c17-b62d-bf707bb71cdf,Miss,Nayeli,Reilly,"15 Von Lock","Kessler Drives",Samal,Arizona,Philippines,814-994-896,"(0905) 459-3624","Schulist, Anderson and Muller",smith.info,"Administrative Law Judge",silver,1999-01-14,vita60@hotmail.com,$xq=i8Pg
211839e9-d47f-3fb5-b815-1c3ab1ed40ab,Miss,Dagmar,Wunsch,"27A/10 Schaefer Point Suite 989","Kiehn Haven",Bogo,Missouri,Philippines,010-117-883,"(0918) 590-3332","Goodwin, Ryan and Durgan",schoen.com,"Alteration Tailor",fuchsia,2012-10-09,lynch.madelyn@botsford.com,"8'=@uf,P"".58u650*Sx"
f5077e9e-3866-3147-92ab-976c2109ac19,Ms.,Agnes,Hermann,"19 Robel Plains Apt. 037","O'Connell Mountains",Passi,Alabama,Philippines,962-361-801,"(0947) 409-3927",Zulauf-Parker,dicki.com,"Portable Power Tool Repairer",fuchsia,1984-11-29,graham.faye@bahringer.net,"\"S""QE}.<("
7e55bb73-582b-3583-b7eb-6a5048793819,Prof.,Tia,West,"83/15 Herman Pike Apt. 208","Welch Fall",Mati,"North Dakota",Philippines,209-171-938,"+63 (971) 795-5606",Schneider-Simonis,emard.com,"Gaming Service Worker",silver,1972-07-05,kgottlieb@hotmail.com,rJ:52X
977a72cb-a308-3f38-b878-5be829250136,Ms.,Dora,Schuster,"24A Carroll Locks","Christiansen Alley","Masbate City",Vermont,Philippines,950-849-540,"+63 (909) 783-1706","Veum Inc",fritsch.info,"Washing Equipment Operator",yellow,2018-06-30,konopelski.gideon@gmail.com,"eA\<&SSt]~r~"
bd78da06-57b4-3383-8239-0ab2be21161b,Ms.,Adrienne,Ernser,"06A/47 Bogan Island","Smith Shoals",Lipa,Colorado,Philippines,758-685-114,"+63 (989) 799-3152","Mills, Ritchie and Padberg",hyatt.com,"Pastry Chef",yellow,2019-02-15,mireya.ratke@gmail.com,K6e73AwlUHgLhRL>*h
95539ba6-6f4c-3bf3-a044-1591c1ac30e7,Dr.,Elwin,Auer,"64 Reinger Forks Suite 089","Bode Ville",Isabela,Vermont,Philippines,556-399-286,"(0940) 789-9968",Mueller-Rolfson,purdy.biz,"Product Management Leader",fuchsia,2008-09-10,lueilwitz.ali@yahoo.com,Y%GxI^i
5f405650-b387-36fb-ad85-3f5459b37afd,Mr.,Delfina,Rowe,"87A Wiegand Mountains","Rodriguez Turnpike",Tagum,Florida,Philippines,726-875-451,"(0817) 892-2892","Connelly, Ondricka and Kiehn",spencer.com,"Electronic Engineering Technician",olive,2024-02-23,ecollins@pfannerstill.info,"\yi~sdS%)]JmX"
8bd33a60-4e7f-3a04-8cf5-a37a6548d56e,Mrs.,Lucio,Homenick,"72/37 Rosenbaum Mountain","Koss Greens",Pasig,Wisconsin,Philippines,622-648-659,"+63 (915) 108-5455","Armstrong, Carter and Nienow",mcclure.com,"Employment Interviewer",purple,1979-09-27,hansen.opal@hackett.com,i4:unCx`n2Qx:._
eb3f5178-e840-30b2-bf70-acd1c43f25a0,Ms.,Emely,Sauer,"67/12 Harvey Center","Ferry Lock",Tagum,"South Carolina",Philippines,669-156-811,"(0994) 037-2655",Flatley-Aufderhar,keeling.info,Pharmacist,purple,1990-08-07,cormier.wyman@kirlin.org,XT`HKg&[
6e459887-eefd-3bed-b6f6-6d92b2d98d3e,Dr.,Violet,Pacocha,"34 Cummerata Oval Apt. 885","O'Connell Meadow",Baguio,Ohio,Philippines,138-598-701,"(0979) 340-0688","Grady Ltd",emard.com,"Supervisor of Customer Service",blue,2019-11-23,alaina11@beahan.com,>vDC;71s.LY/|C
5e8f0171-f43c-3a3c-a9a6-753688b357b9,Ms.,Breanna,Purdy,"75A Tillman Station Suite 256","Homenick Station",Meycauayan,Maryland,Philippines,576-443-967,"(0996) 653-4993",Bernier-McDermott,cummings.com,"Driver-Sales Worker",gray,2008-04-20,nolan.abbott@kuhn.com,&%T?a(E4
e842fbfa-c08c-38d6-96dc-5f809fb1dd6e,Mr.,Delfina,Corkery,"29A Auer River Apt. 664","Smith River",Tuguegarao,Alabama,Philippines,400-508-358,"+63 (910) 500-6562","Morar Group",abshire.com,"Movie Director oR Theatre Director",black,2004-09-23,lheaney@gmail.com,"X]@FIKmSY&tSV""gjeP"
09a03f3a-a727-398e-8eea-827d952c1a01,Ms.,Curt,Kunde,"33A Hansen Corners Suite 215","Stehr Ramp",Mandaue,Wyoming,Philippines,271-655-817,"+63 (921) 310-2284","Hauck, Dooley and Lueilwitz",walter.net,"Custom Tailor",olive,2020-08-06,ischmitt@yahoo.com,L/'k@8`mu)c5==NHP
c478f32e-8c7e-3193-92a9-039e30d894a6,Prof.,Jewel,Rogahn,"59A/52 Brakus Stream","Olson Knoll",Mandaue,Pennsylvania,Philippines,714-817-083,"(0918) 586-0388","Ryan and Sons",howe.biz,"Maintenance Equipment Operator",maroon,1993-01-03,melissa57@hotmail.com,"}EpL&Lt\\z[?"
d8892937-0b3b-34c6-9e0d-f5485780bacb,Mr.,Elise,Green,"69A/89 Blanda Lakes Apt. 586","Murazik Mills",Tagbilaran,Massachusetts,Philippines,775-838-418,"(0939) 550-4237","Gleichner PLC",friesen.com,"Continuous Mining Machine Operator",black,1984-07-30,hhalvorson@yahoo.com,mW6z;f};gyLuo%9a
d211c4ea-efc1-371b-909e-b98558e830a1,Ms.,Ramona,Medhurst,"70/43 Casper Plain","Nitzsche Road",Baguio,"North Carolina",Philippines,691-474-519,"(0926) 466-0495","Walsh, Nikolaus and Volkman",ohara.info,"Supervisor of Customer Service",green,1987-04-20,xlang@yahoo.com,>m}@C;N)c
8000d6f9-99fc-3013-89de-cbf8de6b69f8,Miss,Nash,Kub,"73A/46 Wehner Isle","Dach Ramp",Talisay,Maryland,Philippines,714-566-855,"+63 (908) 430-2843",Prohaska-Block,hegmann.biz,"Life Scientists",black,2018-11-16,candelario54@yahoo.com,ioo>Q#_}uP4'&%__
92df0b6b-15c1-3133-a141-995db97da16c,Dr.,Jaeden,Koelpin,"87 Vandervort Forks","Kohler Dam",Imus,Michigan,Philippines,422-061-187,"+63 (909) 585-3308","Davis LLC",durgan.info,"Gas Pumping Station Operator",silver,1971-08-17,humberto.kling@daugherty.com,~xT$:hf9
2a11351c-36ba-34d9-b520-8331c241bbb7,Prof.,Delia,Goldner,"41A/86 Pagac Junctions Apt. 035","Mills Isle",Muntinlupa,Hawaii,Philippines,219-229-048,"(0927) 725-8915","Kling Group",johnston.com,"Agricultural Inspector",yellow,2000-11-03,zoie.nitzsche@harvey.biz,Ahb4;P
0979bad3-31e4-33ad-a482-6f142905169b,Ms.,Marcella,Weber,"86A/99 Jakubowski Inlet","Kozey Stravenue",Roxas,Arkansas,Philippines,213-349-308,"(0938) 562-6807","Kutch, Smitham and Schumm",heaney.com,"Bridge Tender OR Lock Tender",yellow,1995-07-24,becker.ressie@runolfsdottir.com,"S?1e{~Irxbujt,vs"
64b2372e-466a-3cf5-8237-f1652f57c938,Prof.,Rhea,Hickle,"82 Bailey Parkways","Buckridge Ways",Angeles,Alaska,Philippines,817-139-014,"(0936) 739-7183","VonRueden, Williamson and Kessler",friesen.org,"Postal Service Mail Carrier",gray,1989-02-07,kaci.crona@ferry.com,"x9-O""~(kh"
15c3ad49-d652-368b-ab2f-341b551e981a,Dr.,Bettie,Nader,"05A Hoeger Viaduct Suite 238","Graham Manors",Carcar,Louisiana,Philippines,358-005-768,"+63 (907) 150-7203","Little LLC",treutel.com,Professor,olive,2010-05-10,anabel.kiehn@kirlin.net,n_~G+('>LhlXgV
aa51269b-bd8d-3436-a050-64ec97f1947b,Mr.,Trey,Thiel,"83 Carroll Cove","Cronin Curve","Davao City",Oregon,Philippines,012-711-594,"(0938) 352-4936","Barrows Inc",schinner.com,"Refractory Materials Repairer",white,1972-11-28,cbednar@kiehn.com,"ULbc\a_L`a])y.hz="
fec498d2-6222-32bd-b915-564206d77334,Dr.,Abigail,Ebert,"10A/84 Stark Springs","Durgan Green",Bislig,Arkansas,Philippines,609-207-835,"(0996) 355-2781","Langosh, Pfannerstill and McGlynn",wilderman.com,"Mapping Technician",black,1970-12-16,sophia.batz@hotmail.com,mf.=7&$[
12c69579-6906-346e-a621-adcf3b76378f,Mr.,Edythe,Hackett,"17A/63 Krajcik Falls","D'Amore Walk",Carcar,Iowa,Philippines,505-591-105,"(0930) 532-3887",Feeney-Daniel,marks.com,"Compliance Officers",maroon,1999-10-23,mandy36@hodkiewicz.com,"}pmoQW"""
38280ac6-9292-3142-8626-81fa7ed92b10,Ms.,Lilliana,Raynor,"32A/33 Glover Alley","Parisian Forges",Sagay,Alabama,Philippines,101-101-537,"(0905) 461-7461","Cassin, Terry and Boyer",grimes.info,"Oil and gas Operator",blue,1970-04-05,margot53@schumm.net,=;3N8b:11DhpKO}7a
b46927dd-b100-3be1-8e23-e010e1d37039,Dr.,Jon,Goodwin,"87/15 Reinger Ville","Marvin Corners",Tanauan,"South Carolina",Philippines,915-229-174,"(0817) 426-9424","Johnston, Schroeder and Welch",dietrich.com,"Power Distributors OR Dispatcher",navy,1988-08-21,gilda.yundt@koelpin.net,"z}5#*ZDjg:bnKnU"""
5074df34-98b6-3c3d-9341-9e1a313029bf,Mrs.,Alene,Johnston,"45A Lowe Skyway Apt. 519","Schmidt Mall",Santiago,Kansas,Philippines,062-232-901,"+63 (925) 849-3093",Marquardt-Franecki,spinka.com,Cook,lime,1973-07-31,xavier19@hotmail.com,Cie3#0U0>?C_dGP+W:Z)
e79bf1d9-3ff0-3338-948e-50758aee61a3,Mr.,Jettie,Mertz,"34A Hahn Shores Apt. 782","Stehr Parkways","Cotabato City",Mississippi,Philippines,348-681-123,"(0934) 905-3021","Stamm Group",mohr.org,"Transportation Equipment Maintenance",gray,2005-04-01,maci.vonrueden@gmail.com,LUvxV)oRdFx?a({rkW!r
e5b4885b-0764-3340-8afa-66370328a71a,Prof.,Veda,Kemmer,"59/19 Boyle Alley Suite 290","Hoeger Harbor",Borongan,Connecticut,Philippines,844-563-873,"(0934) 068-6931","Von Inc",borer.com,"Naval Architects",yellow,1975-12-02,ehudson@gmail.com,Jpx(rF<_?nJVBEq{y
19d71f5c-1351-3251-b83a-e4765938bfff,Ms.,Keshawn,Hessel,"24A/11 Fay Canyon","Eichmann Falls",Bacolod,"South Carolina",Philippines,440-120-563,"+63 (910) 760-6381",Marvin-Sawayn,medhurst.com,"Ship Captain",blue,1987-07-17,hbednar@mertz.com,7k>H>]#qXs1c
dda51c40-09ae-36f8-881f-5b1d93cf510c,Mrs.,Kyla,Stokes,"96A Auer Field","Wisoky Forest",Silay,Delaware,Philippines,844-429-737,"(0944) 846-0344",Schaden-Ledner,ankunding.net,"Graduate Teaching Assistant",white,2004-11-19,bins.audie@gmail.com,su(A&ZsnMc
6f81ae5d-f4b3-3bdd-9aff-68fab7d0e8dd,Prof.,Toy,Romaguera,"72/79 Yost Valleys","Balistreri Center",Mati,Colorado,Philippines,949-901-136,"+63 (920) 067-8970","Muller Inc",macejkovic.com,"Rail Transportation Worker",gray,2002-11-08,nortiz@yahoo.com,Y3`:`.9v%h<fl<_o@W
f8e98db6-20cd-3bc2-bba1-07b885f8111c,Prof.,Faye,Klein,"87A Larkin Shoals","Larkin Cove",Bogo,Delaware,Philippines,510-381-527,"(0940) 274-0960",Bayer-Smith,altenwerth.info,"Producers and Director",purple,2020-11-18,breanne92@gmail.com,Pr4j@rNAr+o5cJX
10189459-7be6-3896-ab2f-cb96454121ba,Mr.,Berniece,McClure,"27/70 Denesik Union Suite 295","Hoeger Mall",Pasig,"New Hampshire",Philippines,350-828-888,"+63 (971) 360-2353","Hettinger Inc",mante.biz,"Wellhead Pumper",white,2009-01-17,bria83@hotmail.com,@^CG?H
0e270a07-aa6d-3fd5-8be1-d0b9d63496cc,Dr.,Austyn,O'Hara,"83 McCullough Ferry Apt. 035","Zieme Port",Antipolo,Washington,Philippines,318-964-677,"+63 (923) 104-9555","Moen, O'Hara and Durgan",hilpert.com,Chiropractor,lime,2023-05-14,rosemarie.cole@flatley.com,.@/y.cy]i9dI){(}Tg]
e901bd62-1c5d-31e3-8377-3468f9a9f4c4,Ms.,Marcelo,Johns,"45 Bailey Estate Apt. 300","Farrell Plains",Cabuyao,Maine,Philippines,994-381-539,"+63 (997) 028-0031","Hansen, Goldner and Feeney",walker.com,"Recreation and Fitness Studies Teacher",yellow,1976-07-22,bstrosin@fahey.info,^*'=sELv`e'Oo4t
13f2e985-f99d-3d32-8851-562875900297,Dr.,Gabrielle,DuBuque,"96A/43 Oberbrunner Drive","Hills Village",Carcar,Wyoming,Philippines,511-409-573,"(0971) 124-3879","Kozey, Koepp and O'Conner",gusikowski.com,"Packaging Machine Operator",navy,2006-12-02,ystracke@hotmail.com,.~M|Dv@`t
7ed4a8b3-eb43-33d5-b560-265d74c1f37a,Dr.,Nina,Schoen,"81 Predovic Lakes","Romaguera Shoal",Tacurong,Minnesota,Philippines,007-593-433,"+63 (916) 358-1628","Beahan Ltd",powlowski.net,"Diesel Engine Specialist",purple,1991-04-09,wunsch.april@hotmail.com,x?tG&}@gStpq;
078224d5-64d4-32dc-846b-efd09cb3ad01,Prof.,Carole,Schultz,"91A/66 Hane Gateway","Moore Summit",Cauayan,Idaho,Philippines,337-169-847,"(0997) 940-9645","Veum and Sons",flatley.com,"Rail Car Repairer",lime,1983-09-16,lbrown@rodriguez.com,"hC'E>5""!!26S-NQ"
64ec7f6d-5ba5-3caa-8cb8-22552c5e8cec,Prof.,Cletus,Medhurst,"17 Effertz Square Suite 897","Eichmann Views","Cavite City","North Carolina",Philippines,934-713-459,"+63 (998) 903-5980","Kuhlman Group",bode.biz,"Cultural Studies Teacher",lime,1983-07-14,marcelino08@glover.com,Z%=>qkov<qv=(fM$KT%
332add33-f336-3314-906e-9fdbb0d3e720,Mr.,Elise,Davis,"70A/68 Kuhic Views","Lesch Lodge","Davao City","New Mexico",Philippines,140-367-296,"+63 (977) 297-1102",Sanford-Bayer,turcotte.com,"Cultural Studies Teacher",lime,1992-03-01,lorenz.goldner@yahoo.com,O(sH{yId`a|/rVph8
5ca6ff76-9f5b-3303-9e2a-d6dba3e91037,Mr.,Dante,Barton,"51A/99 Welch Mission Apt. 391","Parisian Cliff","Davao City",Hawaii,Philippines,899-074-721,"(0920) 244-9269",Wehner-Conroy,kling.com,Etcher,yellow,1993-07-06,green.lowe@hotmail.com,98(y@.Y4}o_@M%6
6fc75a74-6ffb-310c-9574-2bae057a29a4,Dr.,Brandy,Cormier,"60 Friesen Course Suite 113","Senger Stravenue",Cadiz,Minnesota,Philippines,505-514-140,"+63 (912) 614-0335","Lindgren Inc",gleichner.com,"Product Specialist",silver,2010-08-11,ashly81@gmail.com,9#=PL=Ipyy
08fdf16a-8c1a-35f9-ab0f-a1f350ffd662,Mr.,Monty,Marquardt,"26 McCullough Fields","Cronin Ford",Lamitan,"South Dakota",Philippines,884-823-527,"(0942) 277-0022","Blanda Group",goodwin.com,"Truck Driver",navy,2019-08-31,kohler.myrtice@gmail.com,`B.`5JSo{
739a424e-a995-3a90-813f-869596a9128a,Dr.,Josh,Blick,"12/70 Becker Passage","Mosciski Forest",Toledo,Arkansas,Philippines,854-043-324,"+63 (999) 448-7852","Schmeler, Stanton and Schaefer",kihn.net,"Packaging Machine Operator",olive,1992-01-03,loma.abbott@yahoo.com,1:BQUU!I-_iU*#
a19302b7-e81c-35e8-bd97-bf5cc5386614,Dr.,Nicklaus,Mayer,"43 Yundt Fields","Ward Crest","Masbate City",Texas,Philippines,609-893-620,"(0918) 819-1793","Okuneva PLC",langosh.com,Interviewer,maroon,1983-02-12,cristopher.emmerich@gmail.com,Uf*M72!dO|$1A/27JJt
e5bb0082-ef83-3390-aad2-42554bf0abb2,Mrs.,Imogene,Wehner,"46/63 Runte Plains","Howe Junction",Himamaylan,Missouri,Philippines,193-883-214,"+63 (938) 769-0048",Murray-Hermiston,stanton.org,"Forensic Science Technician",gray,2000-05-27,gbuckridge@wolf.net,"GC',o..#wFVS{E2Lr"
04fb2243-1691-32e5-bbd6-55ce50049aba,Prof.,Ignacio,Jakubowski,"29A/57 Halvorson Forges Apt. 560","Barton Grove","Cotabato City",Illinois,Philippines,689-406-350,"(0932) 508-4272","Nienow, Von and Rau",leuschke.com,"Farm Equipment Mechanic",white,1985-03-06,reggie50@conn.info,ET_?<G[
70a87136-fbe6-36aa-bda0-53a09c910aae,Dr.,Maryam,Emard,"65 Kuvalis Camp","Ondricka Row",Malolos,Utah,Philippines,760-275-567,"+63 (925) 547-5839",Miller-Dietrich,gaylord.com,"Self-Enrichment Education Teacher",aqua,2015-09-17,dach.vena@yahoo.com,X6}|3/
d811f776-9cc1-3338-a513-ef52d46b4a15,Mr.,Jarrett,Mohr,"84A Prosacco Village Suite 121","Russel Inlet",Butuan,Louisiana,Philippines,176-692-420,"(0935) 566-2769",Stiedemann-Gislason,witting.com,"Emergency Medical Technician and Paramedic",purple,1996-01-20,iolson@yahoo.com,j]lN?w}NAEM*0Nv
b95547fd-eb91-32b7-9c4f-cd8c849a9c1c,Mr.,Alva,Hessel,"46 Gottlieb Hollow Suite 489","Padberg Keys",Balanga,Mississippi,Philippines,413-230-492,"(0971) 926-5266","Kilback Ltd",kuphal.com,"Occupational Health Safety Technician",fuchsia,1971-05-08,cole20@hotmail.com,@4s^Tz5*VxC%>8ee?l
09677739-fc9b-3c26-b88e-fe3f0675fa32,Miss,Owen,Lang,"44/85 Rippin Road","Abernathy Mount",Mandaue,"South Carolina",Philippines,651-119-999,"+63 (908) 759-9403","Lesch, Mayert and Hayes",stroman.org,"Refinery Operator",green,1995-01-15,norma.pagac@kozey.net,;8p-8?+.pW7]rkt
11d05713-ecdb-3c43-a5ce-b93a131e045d,Prof.,Katelynn,Lubowitz,"63/18 Carter Mount Apt. 281","Waters Mission",Lucena,Washington,Philippines,175-826-306,"(0937) 309-3908","Hansen Ltd",crooks.com,"Airframe Mechanic",navy,1990-04-25,bergstrom.lisette@hotmail.com,"]=\\?OcK2wKQXq%r"
b52b12fe-cdc5-3fd0-8e06-20fcf3632a23,Dr.,Lavonne,Mayer,"21/46 Muller Via","Ruecker Haven",Maasin,Tennessee,Philippines,252-689-888,"(0926) 226-8705",Runte-Botsford,lowe.com,"Parts Salesperson",maroon,2022-12-03,wbruen@mante.com,.Ooe*er07Hwd
fbfcfe3c-de4a-38c1-9b7b-8ca4d0e49d17,Dr.,Werner,Corkery,"64A Stoltenberg Inlet Suite 177","Kling Mountains",Cabanatuan,"District of Columbia",Philippines,067-621-649,"(0980) 295-0671","O'Hara Group",koss.info,"Health Technologist",purple,1972-11-30,ena.turcotte@waelchi.info,"/_}\'N>LK_&Q"
2a0bfac9-cfb1-3230-8567-061e5e20d1c0,Mrs.,Brenden,Hessel,"71A Brekke Heights","Murray Trail",Palayan,Hawaii,Philippines,509-859-112,"(0922) 966-6941","Muller, Bahringer and Kunde",bayer.org,"Chemical Technician",purple,2002-11-18,randall.moore@klocko.biz,(jtq3*IUF`b9y
cd914cde-3996-310f-a321-5e85582b3919,Dr.,Lonzo,Homenick,"64 Brakus Ville Suite 735","Kertzmann Burgs",Butuan,Utah,Philippines,700-591-980,"+63 (989) 918-1738",Dickinson-Huel,stracke.com,Editor,white,2020-03-12,lauriane.bosco@walsh.org,"R-C8efpt(,Nm.5"
52b59789-d56a-3983-af10-f7d73eab5f9c,Dr.,George,Howe,"25A Kilback Causeway","Waters Grove","Cebu City",Illinois,Philippines,886-868-880,"(0932) 824-8476","Vandervort LLC",funk.net,"Travel Clerk",teal,2009-10-21,mrippin@sipes.net,"\+myRP>*5&Wd(Bvv=~9"
8b2d50a7-19e0-378c-8d8a-17b132a7fe01,Miss,Precious,Bins,"37 Considine Brooks Apt. 050","Daniel Bypass",Talisay,Michigan,Philippines,674-044-455,"(0930) 623-7260",Stiedemann-Greenfelder,corkery.net,Chiropractor,white,1989-03-28,nweissnat@wunsch.info,"!s5(eKZdq,"
a873ca3c-5e45-3713-8e5d-d310d1fe8639,Mr.,Ryley,Wolf,"26A Walter Estates Apt. 733","Quitzon Plaza",Tagaytay,Maine,Philippines,339-845-033,"(0994) 049-0109","Lindgren, McClure and Bosco",abbott.com,Curator,purple,1988-06-24,hagenes.dixie@lebsack.info,XGWoT(SJqLF=@
3a342f23-50bb-32b1-b873-612ea303a89d,Prof.,Wyman,Kozey,"15A Nader Hills","Vandervort Burg",Marawi,Massachusetts,Philippines,794-268-048,"(0926) 616-9858","Maggio Group",rowe.com,"Credit Checker",yellow,2022-04-11,douglas.maximillian@yahoo.com,-}v]t^/%1xEdaMF
4d6e42e5-ea03-399e-9231-d6ca210c4e37,Dr.,Thomas,Prohaska,"63A Walsh Forest Suite 690","Schimmel Keys",Pasay,Pennsylvania,Philippines,742-225-631,"(0817) 565-9960","Lynch LLC",morar.com,"Hazardous Materials Removal Worker",navy,2018-01-14,elvera.greenfelder@hotmail.com,"GjF,rd"
34c1782c-f4fc-3e15-9c0f-26f2a06d09c7,Dr.,Otis,Harber,"98A/40 Hane Squares","Kuhlman Dale",Victorias,Louisiana,Philippines,196-378-131,"(0973) 762-5292",Stiedemann-Powlowski,kiehn.com,"Screen Printing Machine Operator",maroon,1980-04-14,lukas08@senger.com,dDV=(i9e[$d~wu;x
f37d21af-85b2-3af1-9110-dd330c61cde6,Mr.,Jackson,Mann,"65/21 Hagenes Run","Kreiger Valleys",Dapitan,Massachusetts,Philippines,581-256-763,"(0994) 437-4780",Keebler-Greenfelder,lueilwitz.org,"Floor Layer",olive,1970-09-25,runolfsdottir.marcelle@runolfsson.com,]>|?gwmO
24539ca4-4d3d-3eb7-8738-b518cafe6362,Miss,Yoshiko,Bergstrom,"16 Kessler Forges Suite 061","Aufderhar Inlet",Malabon,"North Dakota",Philippines,544-529-478,"(0905) 086-8821","Shields PLC",roberts.biz,"Philosophy and Religion Teacher",fuchsia,1971-02-27,toy67@gmail.com,"5~24y<P0""V.<LSE.%Ejx"
294849ba-dc9e-3da8-b683-e06c8a0659ad,Prof.,Imelda,Murphy,"55/31 Davis Port Apt. 317","Wisozk Ports",Gapan,Virginia,Philippines,390-118-197,"+63 (999) 729-2220","Wolf, Daugherty and Keebler",waelchi.net,"Food Science Technician",olive,2018-02-06,goyette.nicholas@gmail.com,`<=M'3FXTkjWxZ+5LK4
646ab636-7716-3498-b1ff-60971d65a593,Prof.,Zoie,Bernhard,"15A/26 Torphy Avenue Apt. 541","Gleason Trace","Masbate City",Florida,Philippines,361-922-418,"+63 (916) 251-0618","Quigley, Stroman and Huel",dickinson.org,Stonemason,green,2014-05-14,lenny.lehner@bode.com,o+n^lflkER?)<6
8dd17f04-c669-39a2-9176-e48eca475fbf,Prof.,Calista,Ferry,"79A Larson Corners Suite 280","Pacocha Divide",Cabanatuan,"Rhode Island",Philippines,836-139-500,"+63 (817) 378-7881",Fadel-Maggio,harber.info,"Soldering Machine Setter",fuchsia,2010-07-12,natasha.gaylord@gmail.com,L'LB0;5g
15dbcaff-fb7f-3e96-ae7e-bfde03c76eec,Prof.,Cameron,Bruen,"78A/66 Runolfsson Cove","Keebler Pines",Biñan,Vermont,Philippines,803-265-521,"(0817) 223-7595",Baumbach-Graham,larkin.com,"Sales Person",gray,1981-01-24,smitham.alvena@gmail.com,#o&tgX1]%D>X$At
c38763ba-96c7-30f1-8970-90e87faa1373,Dr.,Elmer,Murazik,"14A/06 Prosacco Ridges","Gleason Mill",Mandaue,Maine,Philippines,678-200-726,"(0925) 117-5563","Daugherty Ltd",balistreri.com,Musician,aqua,2008-02-26,kspinka@cummerata.com,!=&i&>
8058bceb-c85f-3f6e-9cb0-e79182d91ad4,Prof.,Giovani,Bergnaum,"02A/77 Conroy Prairie","Kuvalis Stream",Koronadal,"North Carolina",Philippines,358-415-928,"(0989) 238-5911",Schaden-Weissnat,auer.com,"Conservation Scientist",maroon,2004-05-18,mae98@yahoo.com,kskM^gH/PNw_LWgn?
2a865748-0863-318f-bde7-a818f103474c,Miss,Theodore,Schimmel,"82 Weimann Corner Apt. 313","Luettgen Fort",Palayan,Oregon,Philippines,849-546-891,"(0916) 766-6560","Collier Group",goyette.org,"Residential Advisor",lime,1990-07-05,greg.corkery@gerhold.com,hI<|.SRk)KIeyLV.Hf
b57b9da9-026f-39f2-b170-a9ccb4ce5c0e,Dr.,Hellen,Barton,"22A Goyette Run","Mueller Route","Zamboanga City","South Dakota",Philippines,072-165-302,"+63 (900) 025-3313",Parisian-King,leuschke.com,"Project Manager",black,1977-03-01,bergstrom.pierre@hotmail.com,z#Srx}eOwXL
98b04c3b-944b-36c2-bde6-68d71a51aed4,Ms.,Orion,Stokes,"73A/69 Daugherty Neck","Cassin Trafficway",Malabon,Utah,Philippines,691-687-498,"(0925) 001-4987",Schiller-Weimann,steuber.biz,"Metal Pourer and Caster",navy,1996-09-08,jsmith@yahoo.com,96-X{su_Yd$K}##U
e8cae9f8-fbfe-3e82-8c3b-c6ea9d47c111,Prof.,Kendra,Ratke,"59A/05 Hermiston Viaduct Apt. 757","Vandervort Point",Ormoc,Delaware,Philippines,380-836-411,"+63 (998) 613-7917",Wolff-Muller,cole.biz,"Administrative Services Manager",fuchsia,2014-01-21,nroberts@hotmail.com,+BVm5@x*Q#pq
ed5bf966-e2ae-3779-b17a-80718dd2702d,Dr.,Joe,Predovic,"51 Nikolaus Shoal Suite 082","Shanahan Road","San Fernando",Delaware,Philippines,706-026-294,"(0980) 999-2061","Haag, Conn and Gutmann",emard.com,"Stone Sawyer",maroon,2002-02-24,christ.okeefe@howe.net,gA<p#p~-F9
51f34bdf-409a-36b1-ba6d-0e9c06751cee,Miss,Guillermo,Muller,"97/60 Connelly Ridges Apt. 323","Graham Parkway",Iligan,Idaho,Philippines,610-520-274,"+63 (813) 153-4556",Herzog-Lynch,gislason.com,"Directory Assistance Operator",fuchsia,1972-03-17,luna.tremblay@sauer.com,"[Vc4w"""
db9c4f88-7b39-36ea-989f-3548434f6073,Ms.,Vivien,Schroeder,"63/73 Marvin Curve Apt. 441","Anderson Knolls",Santiago,Connecticut,Philippines,822-179-422,"(0996) 571-3505","Hegmann Group",grimes.com,"Set and Exhibit Designer",silver,1976-11-30,aliza39@cummings.com,"^s""tw\ER(mAu5{N4|aL"
d8716e68-5b41-3d92-9e2b-1ee479145bf4,Miss,Isaiah,Champlin,"66/72 Mayer Extension","Weissnat Stream",Makati,Indiana,Philippines,020-499-999,"(0935) 575-9337","Roberts, Christiansen and Ondricka",cummerata.net,"Director Of Talent Acquisition",white,2000-09-13,daisy64@hotmail.com,$2[vmK/
fd223b43-0977-303f-9cfe-6341f3e5e9df,Prof.,Cynthia,Nicolas,"84A Dach Points Suite 256","Borer Mews",Dumaguete,Washington,Philippines,700-038-074,"(0944) 829-7160","Douglas Inc",altenwerth.info,"Automotive Specialty Technician",fuchsia,2005-02-27,betsy.zieme@hills.com,W_v)]J
606a26a8-2eab-3a38-9ace-fbd03dd0178e,Prof.,Sallie,Welch,"90/90 Haag Divide Apt. 344","Paucek Drive","Batangas City",Texas,Philippines,882-249-457,"+63 (925) 183-4080",Schmidt-Schoen,kohler.com,"Director Of Talent Acquisition",purple,2006-12-11,herzog.zoie@veum.org,C?pR>3A?zx|A6
44ef3b0e-526b-30df-8950-4462b8425f8d,Ms.,Nora,McLaughlin,"72 Boyle Cliffs","Skiles Walk",Parañaque,Connecticut,Philippines,816-499-082,"+63 (908) 277-3644",Goldner-Thompson,sporer.com,Hydrologist,maroon,2018-12-30,macejkovic.napoleon@yahoo.com,"c],Y05wBk)AYbTKIW!#6"
008186ee-2455-3fd8-804f-2b8a06c526bb,Mr.,Justice,Ankunding,"97A Harvey Creek Apt. 417","Hermann Brooks",Bayawan,Hawaii,Philippines,133-398-886,"(0916) 318-4703","Marvin, Welch and VonRueden",bogisich.info,"Pressure Vessel Inspector",olive,2018-10-25,ahodkiewicz@corkery.com,Hd`d`#%:
f095856a-9558-395c-a966-70c4f33c8998,Prof.,Abraham,Upton,"94A Muller Cliff","Corkery Meadow",Cauayan,Maryland,Philippines,854-463-946,"(0975) 939-1770","Ziemann Inc",hyatt.com,"Film Laboratory Technician",aqua,1995-09-11,margaret.orn@gmail.com,eHqd_@_3
9a1bf628-7795-3cf8-ae02-e779289a61e8,Dr.,Gertrude,Weimann,"98/41 Dicki Cliff","Oberbrunner River",Caloocan,"New Hampshire",Philippines,682-622-982,"+63 (994) 499-7547",Hartmann-Berge,grady.com,"Cleaners of Vehicles",white,1992-11-01,njenkins@hilpert.biz,":""3/Op}9"
b215703f-2a24-3830-be29-6faa0aea3acb,Ms.,Hailey,Mitchell,"24A/31 Ankunding Fall Apt. 386","Wilkinson Loaf","Batangas City",Ohio,Philippines,704-614-529,"+63 (946) 120-6176","Goyette Inc",heaney.net,"Installation and Repair Technician",yellow,1984-04-27,leslie.ebert@gmail.com,.H!K%C69(
839dd490-8548-3ce9-9455-44a492fceb81,Prof.,Keven,Mertz,"85/78 Witting Lane Suite 064","Dare Valleys",Olongapo,"New Mexico",Philippines,883-172-493,"+63 (917) 741-7824",Smith-Langworth,nicolas.org,"Food Preparation and Serving Worker",teal,1992-07-14,ynikolaus@corwin.com,E_NzD`t_fQb]^Y
968c61aa-2bca-3520-82f4-97ab2e1be7e7,Dr.,Green,Gibson,"02A/08 Considine Village","Vandervort Drives",Mabalacat,Kansas,Philippines,566-568-149,"(0933) 185-8749","Feest LLC",brakus.com,Boilermaker,lime,2019-10-28,zula93@renner.biz,Fe#;}i&g-Cpfozx!Vt
0572bd9d-94ed-399e-b795-3677b4fbc7d3,Dr.,Neoma,Oberbrunner,"46A Wunsch Ramp Suite 505","Okuneva Loaf",Cadiz,California,Philippines,757-189-979,"(0943) 231-7901","Erdman LLC",wiza.biz,Housekeeper,lime,1982-11-12,crenner@smith.com,*MjxgsR:_
3a02eef0-5122-3040-a34a-5d4dff93bc1f,Ms.,Edwardo,Metz,"46/61 Ondricka Locks","Aufderhar Terrace","San Jose",Illinois,Philippines,658-804-544,"+63 (978) 037-0667",Jenkins-Nienow,pollich.org,"Athletic Trainer",purple,2018-03-20,keshawn.rau@gmail.com,"cf$!v;jUw-KQ\DC$_R"
dcbe62a9-6abb-3d83-82bb-b5a4ad938bb0,Prof.,Selina,Smitham,"91A Hilpert Expressway Suite 093","Mann Shoal",Dumaguete,Texas,Philippines,017-047-014,"(0948) 683-6802","Labadie Inc",greenholt.biz,"Textile Worker",aqua,1973-03-24,anjali.lebsack@gmail.com,n??ND@T7R/~h=/k
703cd2c6-ba8d-3a20-ad45-05025bb084fa,Miss,Katelyn,Willms,"31 Weissnat Prairie","Kuhn Bypass",Sipalay,"South Dakota",Philippines,452-076-540,"+63 (912) 228-0952","Walter Inc",feil.info,"Craft Artist",black,2020-01-10,hhettinger@hotmail.com,B8edv}N
b64cfdf6-8370-3398-9ad0-f48504457275,Dr.,Aurelio,Dare,"74 Ortiz Flat","Tromp Roads","San Jose",Idaho,Philippines,802-749-634,"(0931) 713-0275","Schneider Inc",stiedemann.com,"Floral Designer",purple,2011-06-18,qhahn@yahoo.com,9n&%${e25X|
bde78e4f-4096-3f16-8003-557d3ef6a53d,Dr.,Scarlett,Donnelly,"69/99 Ortiz Wells","Hodkiewicz Green",Balanga,Colorado,Philippines,973-621-711,"(0979) 215-6691","Marvin Ltd",klein.com,Silversmith,purple,1976-10-03,bhermann@yahoo.com,wQpyot
268d0855-363f-3e8e-9577-e8d7afda63ff,Dr.,Adam,Zemlak,"81/46 Russel Greens","Sanford Viaduct",Tagum,"District of Columbia",Philippines,215-818-461,"(0931) 177-2900","Prohaska LLC",schuster.biz,Potter,silver,2023-05-21,sipes.eliezer@yahoo.com,H;GX$dw7
b0da076a-07cb-398d-a8d2-45f9317afb43,Dr.,Tad,Cartwright,"63 Wyman Avenue","Lang Dam",Cabuyao,Maine,Philippines,200-023-871,"(0900) 232-1156","Stark, Russel and Hill",bailey.com,Counselor,white,2022-02-24,quitzon.john@bruen.com,C:)RZ)m9vZE:;
f5ccb6be-99e6-39e6-aa74-a9a6663a2a57,Dr.,Cody,Hessel,"27A Swaniawski Crossing Suite 768","Funk Squares",Catbalogan,"New Mexico",Philippines,808-929-053,"(0935) 273-7352",Aufderhar-Veum,gorczany.com,"Boat Builder and Shipwright",purple,1983-05-31,johann.romaguera@durgan.com,KQyspZ;C6.L
ad0c5f44-dbff-39ba-ab5f-9fdf46660c08,Dr.,Reba,Heidenreich,"50A Schaefer Via Apt. 703","Herman Rapid","San Jose","Rhode Island",Philippines,823-355-155,"+63 (979) 898-1849","Wilderman, Langosh and Pfeffer",rodriguez.net,"Driver-Sales Worker",purple,1982-08-12,edmund58@rohan.com,"=>zF?\r"
a4eeec3e-fbad-34fc-a358-b0f60ea9a825,Dr.,Edwin,Cassin,"98A/76 Effertz Hill Apt. 077","Powlowski Fields",Ormoc,"Rhode Island",Philippines,366-058-102,"(0944) 052-9695","Crist, Leuschke and Kemmer",damore.com,Sheriff,silver,2015-03-29,alexis.corwin@trantow.info,|=iQQE*~WuuH
8254d88b-6bf1-3745-9023-014277931b09,Prof.,Twila,Beatty,"71A Lynch Fork Apt. 074","Roberts Mountain",Iligan,Maine,Philippines,540-413-981,"+63 (905) 138-5864","Daniel, Conroy and Fritsch",baumbach.com,"Board Of Directors",green,1989-04-18,retta.mcclure@gmail.com,7GZlhsl*o=c4lk6
37fafd9a-d8e3-3ea7-8b8d-0fb8291136ec,Mrs.,Norris,Tremblay,"50A/54 Bednar Burg","Hegmann Forest",Bayugan,Indiana,Philippines,871-330-721,"(0916) 802-1569",Hintz-Thiel,rohan.org,"Record Clerk",maroon,2009-11-08,colten13@yahoo.com,|0+%7+
7e0970f0-7988-3ec3-a8e3-4a66a6c4c048,Mrs.,Vernon,Lehner,"90A/60 Quitzon Shoal","Harber Stream","San Carlos",Illinois,Philippines,626-516-423,"+63 (926) 429-8006","Hickle, Ortiz and Miller",weber.info,"Plant and System Operator",purple,1979-04-17,claud.zboncak@gmail.com,"j}]lC!.wGRg:s""H_){"
b1c7142c-ece0-3163-979d-d299f795ebf4,Mr.,Germaine,Legros,"73 DuBuque Villages","Botsford Mills",Toledo,"District of Columbia",Philippines,134-862-542,"(0919) 790-3736","Bradtke Ltd",kertzmann.com,"Network Admin OR Computer Systems Administrator",purple,2015-02-02,hnader@eichmann.info,{s8)9LMoF[Pq+
427cda7d-5ba7-3c8c-a6af-44c2b56b9de6,Prof.,Kristian,Abernathy,"31/59 Jacobi Club Suite 355","Tremblay Spring",Silay,"South Dakota",Philippines,162-139-699,"+63 (971) 112-4677","Gottlieb, Dach and Botsford",block.com,"Education Administrator",navy,2011-11-24,ashly.lindgren@gerlach.com,esyS8Mw=*c
85a62579-866a-3af9-ab6b-838cbe84afc4,Ms.,Brennon,Kuvalis,"05A/17 Auer Crossing","Daniel Tunnel",Biñan,Oklahoma,Philippines,479-555-794,"+63 (977) 595-2114",Reilly-Kreiger,pfeffer.info,"Operations Research Analyst",olive,1974-09-06,paucek.dovie@gmail.com,"`>9V""]LpSt{gMvT1r"
d377073e-b92b-3130-baae-d357b7ed6083,Mrs.,Braden,Eichmann,"25A/59 Medhurst Corners","McCullough Turnpike","San Carlos","New York",Philippines,365-352-975,"(0980) 312-0576","Shields Group",davis.com,"Pile-Driver Operator",navy,1971-07-24,hoeger.quincy@yahoo.com,Y}Mt:)U0
3aef7109-53a9-3c78-a2e6-3a92e72bbf70,Mrs.,Kavon,Bogisich,"71A Howell Glens","DuBuque Rapid",Cabadbaran,Michigan,Philippines,671-665-703,"+63 (936) 697-4860","Yundt, Yost and Emmerich",bogisich.com,"Mining Engineer OR Geological Engineer",black,1994-02-21,bayer.derek@hotmail.com,XExvxy
1378e81c-5894-37fe-b047-c36648998a75,Mr.,Angeline,Pouros,"33A Fritsch Grove Suite 853","Daugherty Corner",Isabela,Idaho,Philippines,740-891-038,"+63 (912) 623-9399",Nikolaus-Fisher,stamm.com,"Radar Technician",fuchsia,2023-02-01,terence.boyer@yahoo.com,&fcE#k}zBY]X+md{y
46e00386-663b-3c8c-8dd8-29207c28620f,Mrs.,Amie,Douglas,"37A Bergnaum Place","Cartwright Meadows",Santiago,"New York",Philippines,201-088-141,"(0813) 209-8684","Gaylord LLC",wuckert.net,"Automotive Body Repairer",purple,1991-09-16,alanis.keeling@cormier.com,"MGz,KV_eV[GJ<ckq4O~"
5bfc7cff-19ea-38f4-b074-627d9d7b4103,Prof.,Laurel,Wisoky,"59A/42 Kemmer Track","Douglas Shoals",Valenzuela,"District of Columbia",Philippines,989-232-956,"(0906) 428-8938","Wiza PLC",morissette.biz,Concierge,silver,2013-09-15,howe.carrie@boehm.org,n^8;>&c
892b2b98-2c6a-3aea-821d-cf25522add76,Mr.,Jazmin,Anderson,"40 Miller Forge","Beer Walk",Imus,Kentucky,Philippines,010-363-636,"+63 (926) 021-0094","Leffler Inc",wunsch.org,"Veterinary Technician",navy,1979-06-24,xreichert@oconnell.com,7qr8t~Q]F
a07e6eca-2bf4-3717-9459-c8225d4087db,Dr.,Winifred,Treutel,"53/67 Ward Terrace Apt. 206","Legros Hills",Dipolog,Washington,Philippines,173-169-390,"(0949) 358-3099",Beahan-Batz,bayer.info,"Loan Counselor",olive,2017-12-19,erin93@hotmail.com,~T/p0Zg4#tT3p]
bb30d2de-c12e-357d-be41-d9706b34dd98,Prof.,Robb,Hammes,"43A/16 Rodriguez Isle","Gusikowski Road",Mandaue,Minnesota,Philippines,047-989-344,"(0919) 560-4433","Koch, Baumbach and Eichmann",hintz.net,"Desktop Publisher",fuchsia,1999-08-08,rick.nolan@cassin.com,",tZdyUZ"
ad8a43f9-2b82-37a7-9f91-45a4222d6443,Dr.,Hollis,Abernathy,"15A/85 Quitzon Forest","Erdman Ways",Caloocan,Arizona,Philippines,278-835-586,"(0921) 448-0093","O'Hara, Koepp and Hyatt",sawayn.com,Patternmaker,yellow,1982-06-08,marian48@hotmail.com,"@e3|3%HPbn\.`)"
3e958df5-d6e5-32dc-b251-ff3da1fe10df,Mr.,Shanel,Lakin,"80 Huel Terrace Apt. 107","Heathcote Ridge",Butuan,Kansas,Philippines,927-950-498,"+63 (817) 267-6444",McClure-Auer,gulgowski.com,"Sheet Metal Worker",blue,2014-02-09,rdickinson@yahoo.com,I+y;VtD0&6yG~%t35vd
d8ca3262-56d6-3159-9c46-68fd0781e2b8,Miss,Ruth,Becker,"31 Grant Hills Apt. 294","Runolfsdottir Springs",Himamaylan,Delaware,Philippines,530-699-746,"(0908) 248-9406","Weimann, Reichel and Cormier",huels.com,"Proofreaders and Copy Marker",white,2001-11-09,meaghan.pfannerstill@gmail.com,">MU=qsb9`hP2*raZT,"
c6ed31d5-05e7-3606-8812-1af11090a4bb,Miss,Adrian,Will,"28/66 Luettgen Ramp Apt. 942","Hirthe Manors",Laoag,Ohio,Philippines,713-635-058,"+63 (932) 344-3526",Toy-Rippin,wolf.org,Anesthesiologist,olive,1977-04-06,myrna.schmitt@gmail.com,VEEF@p/Ti5y)T'K3:5
25db9547-330f-3b3f-b332-d6c613c2bfcc,Prof.,Demario,Bartell,"87 Schulist Manor Suite 759","Schiller Expressway",Silay,"South Dakota",Philippines,412-695-416,"+63 (923) 930-8770","Rempel and Sons",gutkowski.com,Bookbinder,blue,1980-10-04,jdoyle@volkman.org,@(eBC]nc`[&OtO:St6B[
d88a4902-f8a9-3008-a198-f18761e465c0,Dr.,Morgan,Adams,"35/25 Leuschke Flat Suite 529","Lakin Estates",Bago,Colorado,Philippines,705-055-505,"(0922) 012-7697",Weissnat-Wilkinson,kuphal.com,"Production Laborer",yellow,2003-11-17,annabel85@hotmail.com,y5gE<.u4(QcEx
7c341f68-c6c9-3180-becf-86588ce19821,Prof.,Tatum,Schroeder,"51 McClure Valley Apt. 327","Gleichner Meadows",Sipalay,Oregon,Philippines,178-277-912,"(0929) 109-2007","Bergnaum Group",streich.biz,"Electrical and Electronics Drafter",white,2023-09-12,bartoletti.arnold@yahoo.com,&X71ec0
7e0404cb-8222-302d-9002-efd22495a34c,Miss,Kirsten,Gibson,"99/58 Johnson Junction","Shanahan Station",Bacolod,Oregon,Philippines,498-214-236,"(0942) 646-5574",Braun-Heathcote,denesik.net,"Event Planner",teal,1980-04-13,ljaskolski@erdman.org,"uy&g,l"
d747df69-043a-30a2-ac67-46e7b684dfa9,Miss,Darrel,Abernathy,"43 Feil Streets","Cartwright Flats",Tabaco,Maine,Philippines,382-979-905,"+63 (939) 070-1098",Morar-Oberbrunner,torp.com,"Mechanical Engineering Technician",gray,1984-08-27,thompson.norwood@kshlerin.net,")!5LLu[\2"
cadea3f9-04ed-3154-b306-61a54c701b0e,Mr.,Garnet,Kuhic,"73A Casper Forge Apt. 533","Green Street",Meycauayan,California,Philippines,534-577-510,"+63 (900) 894-9658",Marquardt-Dickens,schuster.com,"Parts Salesperson",blue,2017-07-25,eliza53@hotmail.com,poi(W88csv&
daf0328e-7b65-36ba-a694-7138bdb0da74,Prof.,Wade,Deckow,"79 Bartell Mount Suite 672","O'Hara Avenue",Baguio,Pennsylvania,Philippines,849-562-427,"(0996) 265-5491","Weimann, Langworth and Kuhic",ruecker.com,"Agricultural Sales Representative",aqua,2011-05-23,gwest@aufderhar.biz,g8xy!$
87e29d5c-8789-3b56-a580-8935639a7eb4,Dr.,Kristofer,McGlynn,"89A Nitzsche Manor","Greenfelder Harbor",Digos,Oregon,Philippines,738-378-569,"(0931) 203-3920","Rice, Brekke and Ortiz",boehm.org,"Sound Engineering Technician",white,1984-04-15,mckenzie.jayce@hotmail.com,"[;""x[Pn7ljh@?<|>"
76c00e65-20a7-306e-9205-37e322d18503,Prof.,Erich,Stehr,"55/61 Rodriguez Islands","Maggio Mount",Candon,Pennsylvania,Philippines,258-962-455,"+63 (817) 002-8212","Volkman, Ferry and Donnelly",huels.com,"Tire Builder",navy,2024-08-01,melany.corkery@heaney.biz,'ox-q/
eb78d17c-24c7-3949-8aa5-98605929fdd9,Prof.,Rafaela,Leuschke,"18/78 Corwin Ways Suite 273","Morissette Cape",Laoag,Montana,Philippines,682-132-411,"(0931) 163-7199","Heathcote, Abernathy and McCullough",mann.com,Astronomer,black,1986-06-29,providenci83@crona.com,8h!1m.M'[Q}s7T7UjO
0e900c49-7988-35ce-834d-b1113016d50c,Prof.,Abby,Barton,"13/47 Schinner Pass Apt. 127","Raynor Rest",Gingoog,Arizona,Philippines,179-643-644,"+63 (989) 908-0102","Miller, Pacocha and Dickinson",okon.com,"Bulldozer Operator",navy,2016-04-11,eudora18@gmail.com,hu@w4>QW6bT
1c325de8-7860-3e8f-908e-11f698e33a00,Ms.,Maude,Howe,"74A/30 Toy Junctions Suite 132","Bradtke Bypass","San Fernando",Nevada,Philippines,238-655-929,"(0911) 372-5245","Prosacco, Feil and Krajcik",hessel.com,"Urban Planner",lime,2009-02-19,destiny.rutherford@hartmann.com,_uk#ou<.{fRQPIIMc
671d26d5-3b5e-37ff-816d-901047c1cd4e,Ms.,Kianna,Lebsack,"61A/91 Koelpin Forks","Nienow Stravenue",Palayan,"New York",Philippines,987-409-447,"(0907) 031-2649",Nicolas-Homenick,gerlach.info,"Telephone Operator",black,2018-04-30,wiza.berneice@padberg.com,v;^<VZ_-xXN/3*]
39251809-c289-3503-af24-a04bc1e1f815,Ms.,Esperanza,Mayert,"64A Hills Orchard Suite 320","Schroeder Corner","San Jose del Monte","New Jersey",Philippines,606-247-658,"+63 (998) 315-6744","Gaylord, Jenkins and Pfeffer",quigley.org,Epidemiologist,black,1988-02-24,wendell61@gmail.com,N[3dz_r
64572b83-418f-374b-8b87-a0c8f7d33443,Prof.,Ava,Romaguera,"88 Russel Hollow","Glover Parks",Tabaco,Idaho,Philippines,205-738-335,"(0929) 558-0823","Tromp Group",mayert.com,"Anthropologist OR Archeologist",aqua,1997-10-03,may.schaefer@gmail.com,P7C0)iO1lI_
c22770dd-a6b5-36af-a8d1-135368d76736,Prof.,Holly,Ferry,"73A Paucek Motorway","Dietrich Lake",Ligao,Pennsylvania,Philippines,637-298-333,"(0949) 846-4831",Bahringer-Kub,will.com,"Record Clerk",yellow,1979-02-01,abogisich@hotmail.com,<}55@d);IW:Dj/owG
e373ba01-45ab-34cf-a343-a28538407401,Mr.,Christian,Schaden,"12/15 Muller Drive Apt. 680","Watsica Islands","Cebu City",Virginia,Philippines,858-753-050,"+63 (937) 201-3906","Muller Ltd",sipes.com,"Mail Machine Operator",gray,2016-12-28,efren.kihn@yahoo.com,$Hc'<+N8=8e
037c5eed-c072-380d-bcc6-c4f6da10c282,Dr.,Sasha,Ziemann,"81A/40 Greenholt Islands","Grimes Mall",Malaybalay,Tennessee,Philippines,384-422-875,"(0926) 080-6189","Ebert, Olson and Lind",rodriguez.com,"Conservation Scientist",silver,1973-02-24,marvin.dave@olson.com,"NT(?Q=}0,%4:I,B;"
f7e8c9c7-21cd-306a-8369-b818f858d99a,Dr.,Joana,Cruickshank,"50A Mayert Corners Suite 165","O'Conner Cove",Danao,Louisiana,Philippines,819-879-399,"+63 (939) 484-6249","Schaden and Sons",abbott.com,"Copy Machine Operator",gray,1982-09-14,schroeder.gisselle@mertz.net,[elrl`G8aWc
3360a7e2-c648-3b24-9a4e-eddf4b668109,Mr.,Bernhard,Gutkowski,"51A/36 Jones Track","Bauch Ferry",Sipalay,Mississippi,Philippines,290-584-772,"(0989) 337-2545",Gerhold-Keebler,lesch.com,"Textile Cutting Machine Operator",gray,1986-12-22,yundt.osvaldo@yahoo.com,"O,wHLjJ_9Bh8i\"xe"
1574b0cc-b568-3e8d-b4d2-0c5b1c5ddccb,Mr.,Lupe,Schuppe,"46/70 Dare Harbor Apt. 154","Krajcik Throughway",Malabon,"North Carolina",Philippines,017-455-847,"(0912) 501-6545",Goldner-Lubowitz,huels.com,"HVAC Mechanic",purple,2013-09-11,gregory11@yahoo.com,rIDZG'~
0a50af0f-47f5-3993-b9a6-49cf5b27adf3,Miss,Caterina,Huel,"06A/43 Cruickshank Alley","Bosco Center",Marawi,California,Philippines,868-614-852,"+63 (907) 454-4099","Hodkiewicz Ltd",miller.com,"Locomotive Firer",blue,1984-04-22,hildegard.bartell@hotmail.com,"n^L*5-#ryV\=OCNp9UY"
216087de-ee64-3d5f-884b-d1ece9a900c1,Dr.,Ora,Emmerich,"61/27 Blanda Turnpike","Dietrich Courts",Isabela,Montana,Philippines,481-635-587,"(0918) 269-8669","Altenwerth, Gibson and Legros",grant.com,"Aircraft Cargo Handling Supervisor",white,2015-10-26,powlowski.ryley@hotmail.com,%N+V)-B^
6a46494e-6432-3651-b6fe-a1f2c49519b1,Mrs.,Cathryn,Harvey,"99 Rohan Summit Apt. 584","Mosciski Corners",Cabanatuan,Wyoming,Philippines,238-592-908,"(0971) 220-9460","Krajcik Inc",hermann.com,"Algorithm Developer",purple,1992-11-06,andreanne.kautzer@renner.com,_4ET}v=v:ps;DrArf@
df484a28-cb9f-35ab-9f19-75e950663767,Miss,Robyn,O'Hara,"96A Volkman Common Apt. 879","Wisozk Trafficway",Dumaguete,Massachusetts,Philippines,785-073-205,"(0978) 969-4571","Hill, Zboncak and Fadel",trantow.com,Council,white,2016-08-16,ijerde@hotmail.com,pB)}5OZU
3a1e680c-0147-3a55-b646-c3eef3d065da,Prof.,Leora,Murray,"81/80 Paucek Vista","Bruen Flats",Talisay,Wisconsin,Philippines,353-403-615,"(0947) 204-0787",Rippin-Connelly,yost.com,"Transportation and Material-Moving",maroon,2023-09-18,gustave59@koelpin.com,"^KI""#U"
2d62794a-9aca-3320-b9d0-f64efbbb8103,Prof.,Esperanza,Schaefer,"32A/47 Wisozk Corners","Lind Turnpike",Escalante,"West Virginia",Philippines,435-341-545,"+63 (910) 284-5347","Wyman, Yundt and Prohaska",leuschke.com,"Electrical Engineer",silver,1974-02-05,kcollier@yahoo.com,"CciUdM^\?oH0k3c9E"
7c20d3bb-e8cf-3309-ad07-98d043e45a15,Dr.,Christ,Rowe,"35 Oberbrunner Union","Pouros Islands",Vigan,Nebraska,Philippines,046-144-570,"(0915) 091-4177","Leffler Group",ledner.info,"Sawing Machine Setter",silver,1979-12-21,mferry@hotmail.com,a=h>9%-ZA4s*$M+G;
9a28c01d-49e6-3f67-bb41-25940141fcde,Prof.,Mercedes,McGlynn,"73A Boyer Divide Apt. 672","Baumbach Summit",Maasin,Wyoming,Philippines,322-676-941,"(0817) 285-4698",Kassulke-Ortiz,schinner.com,"General Farmworker",teal,2020-03-01,dessie.gulgowski@crona.com,`haqX|`:_yUszV
efe51fc0-6208-382a-ac10-180a8ba9aadd,Prof.,Bryana,Fritsch,"57 Konopelski Prairie","Marquardt Freeway",Palayan,Maine,Philippines,718-516-556,"(0912) 032-5499","Treutel LLC",bauch.com,"Tool Sharpener",purple,1974-12-22,mason.legros@gmail.com,-<nAW|r8S05JewBz.I:H
93409be8-2403-3feb-bc0e-36a4e3a36ace,Mr.,Magdalena,Herzog,"65A Altenwerth Extensions Apt. 398","Wisoky Island","San Fernando","South Dakota",Philippines,363-568-152,"(0934) 682-8102","Sanford and Sons",bednar.com,Landscaper,aqua,1976-02-05,arch.koelpin@koss.net,"G""qC;j_Q1P0a$>M"
49e52eff-1299-33a6-8159-30d02630e6e1,Mr.,Oral,Mann,"16/32 Wolff Brook Suite 245","Zemlak Manors",Vigan,Minnesota,Philippines,016-686-421,"+63 (912) 246-7280","Satterfield, Bosco and Hauck",cummings.com,"Educational Psychologist",gray,2010-01-25,hhartmann@yahoo.com,c;TeD[+xDu'/]*=6;
f537c333-6976-3239-9cf1-4673311d5793,Dr.,Chester,Skiles,"87A/97 Steuber Pines Suite 671","Runte Knoll",Taguig,Washington,Philippines,070-080-351,"(0936) 175-3676","Herzog Group",daugherty.info,"Board Of Directors",navy,1979-11-29,rwalter@gmail.com,BHD4fz
40f47149-8d6d-36a8-81f1-061057599709,Ms.,Ollie,Wunsch,"36/48 Kub Station Apt. 855","Rutherford Pike",Taguig,"West Virginia",Philippines,557-345-749,"+63 (942) 273-3529",Cruickshank-Hettinger,oconnell.net,"Health Educator",lime,1988-11-05,ezekiel27@abshire.com,FHD3z`(Os)f$Xt
dcf2d7c8-1d12-3be5-93de-44802221cc42,Mr.,Connie,Brekke,"27A/63 Stroman Groves Suite 370","Kautzer Canyon",Lapu-Lapu,Kentucky,Philippines,522-181-884,"+63 (915) 984-6572","Leannon PLC",lemke.com,"Customer Service Representative",aqua,1979-09-16,marks.cleta@shanahan.info,]d8fe>[?a2OO
ad5730d1-1998-3cbf-8340-501bd1bce370,Dr.,Lou,Monahan,"42 Treutel Trace Apt. 107","Emmerich Drive",Mandaluyong,"New Mexico",Philippines,712-510-341,"+63 (973) 376-0934",Kshlerin-Cartwright,corkery.net,"Oil Service Unit Operator",navy,1997-12-08,stehr.heloise@yahoo.com,iSKZxQ;s/h
14f172e2-639a-3500-89e4-2bfc237d5903,Prof.,Jerry,Bashirian,"54A/10 Senger Fall Suite 461","Grady Loop",Butuan,Idaho,Philippines,865-995-093,"(0920) 168-6600","Weissnat, Considine and Willms",wilkinson.org,"Industrial-Organizational Psychologist",fuchsia,2010-01-14,misael.beer@stoltenberg.biz,LDvh[DkyGI<vpOMt~;
847852d6-a0ce-3d73-a6a2-76bf45ed8198,Mr.,Newell,Reynolds,"37A/02 Gutkowski Trail","Corwin Shoal",Danao,Kansas,Philippines,767-830-899,"(0928) 707-0264",Dare-Torp,gleason.com,Interviewer,navy,2015-05-04,ygleason@heaney.com,"0;nj{""""?oL!"
0511a96b-90df-398b-b4a4-2f2887a8f525,Miss,Sherman,Kovacek,"95A Heidenreich Crescent Suite 003","Ondricka Unions",Ormoc,Virginia,Philippines,663-651-757,"(0942) 682-5453","Bradtke, Lebsack and Harvey",cummerata.com,"Railroad Yard Worker",fuchsia,2011-03-31,elias46@hane.com,"[&o2\P2]'-*"
c134ddd4-eb78-3b24-8314-8ab523cbfae2,Mr.,Sydnie,Parker,"88A Hagenes Alley Suite 737","Mueller Oval",Cadiz,Washington,Philippines,874-317-061,"+63 (908) 358-4462","Kihn Group",collier.com,"Database Administrator",olive,2005-04-19,brad11@gmail.com,W/w%f]
6d8479c2-3e24-3599-9c81-e6ec542d36ba,Dr.,Sammie,Terry,"39A/10 Reinger Green","Rath Village",Tagbilaran,Virginia,Philippines,485-604-475,"(0921) 905-3232",Schneider-Feeney,wolff.com,"Petroleum Pump System Operator",olive,1996-04-14,anjali83@yahoo.com,"=I,Z(<,"
d0e60a9a-5417-3158-af65-ef31e13e1c7b,Mr.,Savion,Hagenes,"92/60 Schulist Motorway Apt. 905","Bogisich Radial","Batangas City",Vermont,Philippines,158-903-054,"(0998) 918-5641",Feeney-Mayer,kuhlman.com,"Real Estate Appraiser",black,1983-02-01,kacey69@weber.biz,8[e47'SEe[v
b3f2597b-0674-32c8-91a8-0f76bb4c3bad,Prof.,Danyka,Botsford,"73 Lehner Pike","Skiles Isle",Bacolod,Virginia,Philippines,032-519-265,"(0917) 085-5668","Swift LLC",schinner.com,"Electric Meter Installer",silver,1976-10-11,deven28@moore.org,c|WBJ}Vk$[o?'
a03a1e5c-7fd5-3e54-a247-67dafa58c888,Dr.,Makenzie,Reichert,"52 Rutherford Plains","Pouros Rue",Bais,Mississippi,Philippines,926-173-975,"+63 (919) 158-2297",Hartmann-Pacocha,turner.com,"Credit Authorizer",blue,2020-04-15,rippin.tate@yahoo.com,6pM8yVn;c^
f7d08aa7-a3af-336d-bf9e-fba6be43d9e0,Miss,Cortez,Nienow,"44A/51 Ward Hollow","Cruickshank Mount","Surigao City","South Carolina",Philippines,167-338-023,"+63 (935) 784-4317","Moen, Bode and Parker",adams.com,Housekeeper,maroon,1986-01-27,dibbert.carroll@hotmail.com,",v?!,?BPO{qm]gdkm"
f1975f2e-59ea-346e-8a08-d4f25d73fefe,Dr.,Trevion,Rice,"64A/20 Pollich Harbors Suite 361","Muller Keys",Naga,Connecticut,Philippines,612-415-977,"(0911) 129-0715","Vandervort, Koch and Boehm",cartwright.com,"Mechanical Equipment Sales Representative",teal,2012-02-13,plarson@wolf.com,y$*gC1.tLo#fMjSc&Fq3
16b94550-5550-3b8c-b404-4fa069eed041,Mr.,Travon,Reichert,"86 Bogan Mountains","Rutherford Wall",Cauayan,Connecticut,Philippines,711-296-929,"+63 (999) 877-4265","Cronin, Gislason and Reynolds",zieme.net,"Casting Machine Operator",lime,2009-07-21,alanna.raynor@conn.info,"wLX{`\Jc/YutTw"
6c2c49eb-b36d-3d47-96dc-42a50280d73d,Ms.,Pierce,Bechtelar,"83/66 Kertzmann Squares Apt. 213","Hauck Heights",Ilagan,Washington,Philippines,988-781-439,"+63 (908) 680-8127","Schoen Ltd",rath.biz,"Answering Service",olive,1983-10-05,cristobal.weissnat@okon.info,7E1%LB:{B
5b09e79d-c60e-3d4b-aa5b-48930022c9bf,Dr.,Francesca,Jacobi,"69A/18 Wunsch Mount","Schumm Curve",Himamaylan,Missouri,Philippines,096-391-043,"(0994) 441-1344","Parker Inc",hettinger.com,"Slot Key Person",silver,2021-03-05,doug41@becker.com,bM;cXR~
78403ab9-e3e7-3c92-b2d7-aec12d0c8ccb,Mrs.,Jermey,Hilpert,"59/14 Leffler Land","Kessler Village",Pasay,Massachusetts,Philippines,540-239-193,"(0949) 294-2034","Monahan, Kassulke and Weimann",stanton.biz,"Transformer Repairer",black,1990-02-15,jeffrey69@gmail.com,*e[}q<`7`fDD+r
0f4cc8ee-b929-3134-9eaa-c516d818c020,Ms.,Reginald,Reinger,"60/34 Christiansen Dale Apt. 699","Medhurst Dam",Dumaguete,Idaho,Philippines,892-547-186,"+63 (978) 664-2519","Heidenreich, Raynor and Kutch",heaney.com,"Drywall Installer",blue,1979-11-29,madilyn36@hotmail.com,If-/-b30.}N<<Nr
9afb35e5-a21c-3ed4-a17c-ae4d4923be0b,Ms.,Sid,Kshlerin,"90A Schamberger Lodge","Tromp Loop",Tagaytay,"New Jersey",Philippines,659-347-944,"+63 (997) 469-8350",Hermann-Blick,moen.com,Movers,navy,1990-08-24,wmetz@yahoo.com,sZ|180&Og}3MDfODR
b0673d4b-e4e3-3180-a005-7b92066f692f,Dr.,Louisa,Ondricka,"21 Reichert Way","Klocko River",Sipalay,"New Jersey",Philippines,977-929-662,"(0939) 180-0584",Mueller-Wisozk,murray.com,"Real Estate Sales Agent",purple,1976-01-05,leatha42@yahoo.com,cTpIL[eiJY
2e850094-7509-3b6f-8ed2-230f411cecc7,Mrs.,Casimer,Crooks,"37A/98 Stark Plain Apt. 233","Schaden Court","San Carlos",Louisiana,Philippines,957-099-066,"+63 (906) 588-3938","Beer and Sons",leuschke.com,Infantry,purple,1973-10-15,htillman@yahoo.com,"4""Bd@MUhNU023?;;&B{t"
6e68d883-33b6-3d2d-b42e-e9c2ab928712,Miss,Jazlyn,Dooley,"75A/28 Raynor Streets Apt. 061","Ziemann Path",Mati,"North Carolina",Philippines,116-831-948,"+63 (936) 146-6270","Walker, Glover and Frami",tremblay.com,"Claims Examiner",green,1981-10-05,lucius.waelchi@hotmail.com,"|""C7j#rF"
45d76816-be77-30e0-aef9-824113867b06,Mr.,Harry,Hoeger,"81A/97 Gorczany Pines Apt. 279","Wehner Villages",Tagbilaran,Oregon,Philippines,758-848-649,"+63 (978) 820-0719","Beatty, Klocko and Steuber",barrows.com,Maid,olive,1985-06-02,chance.okeefe@gmail.com,7etBHsTtx~WM{~T[725
bb867785-f6ac-3a96-b1aa-cc10d89289ad,Mr.,Isobel,Williamson,"40A/51 Wintheiser Grove","Lakin Road",Ormoc,Montana,Philippines,789-300-520,"(0973) 052-1979",Corwin-Kozey,collins.com,"Electronics Engineer",olive,2005-08-31,qdubuque@kuhlman.net,}4poYV]%-^nAN/C7Cr
80a6fe81-6f0f-3dd5-ac85-2e0cfbc8fc30,Prof.,Nelson,Lesch,"27/93 Carter Motorway","Schinner Loop",Baguio,California,Philippines,925-850-672,"+63 (931) 599-9524","Schoen, Gulgowski and Johnson",emard.net,"Gaming Manager",yellow,1996-05-14,joshua66@gmail.com,c<2iV'_$>yc5v0B{
439df41b-faf2-37d4-89b8-4d9b2dd6905e,Mr.,Magnus,Leannon,"92A/22 Brekke Shoals","Gottlieb Isle",Malaybalay,"South Carolina",Philippines,996-963-048,"(0975) 293-7689",O'Hara-Stamm,okuneva.com,"Office and Administrative Support Worker",navy,2019-04-06,reyna.rosenbaum@konopelski.biz,"w2p""Zi5&.rqcseBgk"
81791347-2d14-382a-86ef-611c1f2aa3c4,Ms.,Phyllis,Bechtelar,"47 Prohaska Parkways","Abernathy Mountain",Malolos,Wyoming,Philippines,690-312-704,"(0975) 172-5652",Dicki-Roob,waters.com,"Vending Machine Servicer",maroon,2020-10-26,cremin.liza@dicki.org,"5G3\|yCx"
544d1e21-c9eb-3009-9cdc-0ed32d61a061,Miss,Nels,Schiller,"25 Russel Turnpike","Kilback Way",Dasmariñas,"North Dakota",Philippines,917-458-800,"(0937) 153-8076",Kunze-Bergstrom,weimann.org,"Skin Care Specialist",gray,1978-09-08,homenick.oswald@yahoo.com,"Jt;A#CHB\VV|.*"
6db16753-9f3b-3adc-81bc-e8fcbc16ee8b,Prof.,Jewell,Ortiz,"91A/37 Reilly Plaza","Jacobi Forks",Tanjay,Nebraska,Philippines,752-136-839,"+63 (920) 200-1864","Kunde PLC",schaefer.com,"Life Scientists",yellow,1993-03-07,macey.bruen@gmail.com,"gQA=Suz.""j;(~TAV~C"
a3884485-b236-3c80-91b4-6579bcf0b004,Prof.,Magnolia,Leannon,"65 Kovacek Plain","Hansen Court",Calapan,"West Virginia",Philippines,329-430-113,"+63 (910) 224-7820","Rippin and Sons",hilpert.org,"Set and Exhibit Designer",maroon,2001-02-01,zemlak.winston@hansen.net,]@Dq=0
e7d3be66-419f-3de5-afdf-f3c5b8691810,Mr.,Aylin,Mueller,"92/30 Kertzmann Ville Apt. 625","Barton Rapid",Cabanatuan,Michigan,Philippines,827-535-515,"(0938) 517-3009","O'Conner, Rippin and Rau",mccullough.com,"Production Worker",lime,2000-08-04,novella27@gmail.com,F21x/9kwo
77e5d604-896b-331e-9695-6cc82207d9d6,Prof.,Athena,Bahringer,"68/47 Rutherford Courts","Mann Extension",Isabela,Kentucky,Philippines,417-334-301,"(0916) 079-7630",Schneider-Hane,mueller.net,"Plant and System Operator",olive,1970-05-07,braulio.wintheiser@franecki.com,"rJlJG{f^r!""TPAsx]"
b7d34ec8-9794-3ef1-bb7e-5cadd432d984,Miss,Augustine,Nicolas,"40/78 Ratke Lake Suite 656","Ledner Fork",Navotas,Texas,Philippines,663-527-918,"(0813) 150-1704",Lubowitz-Gislason,treutel.com,"Numerical Tool Programmer OR Process Control Programmer",teal,1984-02-02,qmonahan@hotmail.com,<~q;+5{`^DnFZm^
73b9d76a-fbf8-340e-a156-dbda90410a90,Ms.,Dudley,Gorczany,"12A Okuneva Crescent","Fay Crescent",Ormoc,Florida,Philippines,140-111-815,"(0917) 790-4753","Beier, Cole and Kunde",becker.com,Baker,lime,1991-08-23,mgulgowski@doyle.com,z-l5OW}6t7/
472724ce-e933-3883-b968-e4143d381520,Ms.,Joaquin,Harvey,"64A Corwin Isle","Boyer Mountain","El Salvador",Montana,Philippines,140-080-174,"+63 (921) 722-5836",Gleason-Feeney,moore.info,"Soil Conservationist",fuchsia,1986-12-08,barrows.bridgette@bashirian.com,".<0S`A,0f"
95d0646c-fb7d-311c-93d1-b35ff11023d2,Dr.,Dariana,Fahey,"84A Bailey Square","Waelchi Loop",Marawi,"New Mexico",Philippines,144-476-220,"+63 (942) 184-1629","O'Connell, Gutmann and Ondricka",hansen.net,"Precision Printing Worker",teal,1984-04-16,carol87@gmail.com,1U_]W.jUl4vbY%+h@
5aa59c85-5e18-32ef-ab41-3ac4eb4beca9,Mr.,Mateo,Zemlak,"22A/63 Skiles Turnpike Suite 930","Dickens Glen",Bais,Vermont,Philippines,594-324-801,"(0926) 484-3879","Torp PLC",barrows.com,Engraver,green,1984-12-27,jade14@beahan.com,"Op3J@NS/*c{E}.)O\C>X"
f0a1c6b7-227b-31bf-b427-58f84a932d40,Dr.,Declan,Pouros,"21 Nader Plains","Goldner Squares","General Santos",Maine,Philippines,977-640-519,"(0943) 919-5772",Gorczany-Nienow,brekke.com,"Professional Photographer",lime,1983-07-12,kiara92@gmail.com,mZoJDGc^`rDlz-I:
69407932-4376-3008-b9a7-eab3167e7c07,Ms.,Larue,Gusikowski,"93A Jacobi Village Apt. 449","Ankunding Centers",Tabaco,Utah,Philippines,204-314-907,"+63 (937) 832-4226",Dickinson-Treutel,witting.org,"First-Line Supervisor-Manager of Landscaping, Lawn Service, and Groundskeeping Worker",fuchsia,1983-03-26,nicolas.leopoldo@marvin.net,"8%3tA]H?p!luI""}["
03d94971-5d70-3605-9f51-b014c5a5929b,Prof.,Shayne,Haag,"75A/73 Haley Street Suite 520","Breitenberg Ridges",Bayawan,Montana,Philippines,598-597-636,"(0900) 735-8625","Hauck and Sons",murray.biz,Photoengraver,fuchsia,2019-12-28,pturcotte@reichel.biz,"8&Y]rXSwzn3jLv/\4Ko3"
9cb71591-54fb-3e4c-8198-3e4bbd85acbc,Mrs.,Susana,Hoppe,"32A Beer Loaf","Jacobi Centers",Mandaue,"North Carolina",Philippines,664-524-883,"(0932) 104-1574","Bosco, Barton and Schamberger",runolfsdottir.biz,Psychiatrist,yellow,2023-06-15,dayna39@yahoo.com,GH1pKQaY.LN%
146f1042-cb2a-37f6-bddb-9b97f49545c3,Prof.,Art,Lang,"79/88 Stanton Light","Mohr Causeway",Meycauayan,"West Virginia",Philippines,178-273-620,"(0817) 965-6378","Mosciski, Lindgren and Schinner",oreilly.com,"Electronics Engineering Technician",blue,2015-05-18,diamond49@gmail.com,"C`>N@""I'j#5+'"
3926e012-346c-39b3-a664-89a5f7c220a0,Mr.,Devan,Wiza,"41/36 Waters Drives Suite 954","Rohan Landing",Mati,Montana,Philippines,414-871-775,"(0934) 165-2700",Zboncak-Turner,gusikowski.com,"Fishery Worker",maroon,2009-11-21,keshaun62@yahoo.com,"r<-^Aq:TD|ndKo,0?&>)"
dcda6d4c-c44e-3f2d-b8c6-2bbd56984bd1,Dr.,Minerva,Prosacco,"48A/37 Windler Plains","Cummerata Shoals",Valenzuela,Iowa,Philippines,094-357-487,"(0932) 375-5436",Gibson-Gutkowski,lesch.biz,"Securities Sales Agent",fuchsia,2010-09-10,jeff.stroman@will.com,3jq!'/DhEKRz
5ae06eed-0ecd-350b-8dbc-6404737642ed,Ms.,Frederic,Rolfson,"16 Lowe Port","Marks Route",Pasay,California,Philippines,378-758-408,"(0975) 672-7664",Balistreri-Wisoky,wolf.net,"Occupational Therapist",gray,2015-10-21,will.citlalli@stiedemann.com,P&vDcjNuf
6597f391-b2ba-3241-b778-e979307482b4,Miss,Leila,Quigley,"16A Hane Pike Apt. 151","Heidenreich Inlet","Tarlac City",Maine,Philippines,636-012-062,"+63 (917) 275-9444",Doyle-Quigley,schoen.biz,"Precision Dyer",aqua,1981-02-02,lwisoky@yahoo.com,5?&yYh^kM`(
652b90a8-acbf-39d4-a965-5e8b750e1863,Dr.,Yesenia,Sipes,"73A/71 Heathcote Creek","Thompson Islands",Dasmariñas,Idaho,Philippines,680-040-314,"+63 (998) 648-8743",Schulist-Rippin,tremblay.com,"Insurance Policy Processing Clerk",yellow,1993-09-30,myrtis10@halvorson.biz,bvYgSXzpL5
24b33526-897c-3b01-8f53-d287d242f729,Miss,Kim,Brekke,"15A/35 Cronin Tunnel","Stracke Trail",Gingoog,Virginia,Philippines,641-062-654,"(0909) 513-1224",Walker-Friesen,grant.com,"Agricultural Engineer",aqua,1986-03-29,fredrick94@feest.biz,:<+J)u_nQ&v
c3f6e6ad-bac0-3a38-85ef-9a8f2da6b62b,Prof.,Bettie,O'Kon,"18A/76 Sanford Courts","Jerde Streets",Passi,Arkansas,Philippines,584-886-725,"+63 (996) 878-9753",Boehm-Rice,homenick.org,"Commercial Diver",blue,1991-12-06,jakob85@huels.com,gP=RJh
9fb57a61-c17b-346b-a186-aaebc8a42641,Miss,Cynthia,Lakin,"92A Zemlak Canyon Suite 202","Raynor Drive",Calbayog,"South Carolina",Philippines,804-251-596,"+63 (937) 685-9416",Rosenbaum-Mann,mann.info,"Social Sciences Teacher",aqua,1970-05-03,stroman.laura@hotmail.com,Q1~G4+Ne<
a3b6ff63-296f-3c45-9e99-4a1d56194934,Prof.,Melyssa,Orn,"41A/28 Mante Row","Bergnaum Run",Tanauan,Maine,Philippines,703-734-585,"(0994) 085-5491",Hirthe-Wintheiser,gutmann.com,Welder,aqua,1991-06-07,name11@hotmail.com,`e>Zd`W6KlP_t&7nN
7a614fac-9a9a-3cd6-baa3-beb70c7a9b0f,Prof.,Daphnee,Zulauf,"31A Heidenreich Passage","Schaefer Lodge",Victorias,"Rhode Island",Philippines,961-578-296,"(0971) 363-3972",VonRueden-Hettinger,cremin.net,"Motorcycle Mechanic",lime,2018-01-28,hane.adam@mitchell.net,"mz&]FW0*D:Ba!xf""BWQs"
dca27a75-b06a-34c8-b14e-ccbd75aef88a,Ms.,Angelina,Grimes,"18 Dooley Row Suite 960","Rosenbaum Course",Silay,Nevada,Philippines,614-082-720,"+63 (975) 666-4638",Klein-Reynolds,walker.com,"Marine Cargo Inspector",gray,2021-05-20,qerdman@corkery.info,"w{um/S\Be_"
bb2be499-4e0a-3f18-8687-fb6a7f3352f0,Prof.,Emmanuelle,Champlin,"13/14 Brekke Village","Hessel Street","Surigao City",Illinois,Philippines,180-095-357,"+63 (942) 250-6417","Pacocha PLC",oberbrunner.com,"Probation Officers and Correctional Treatment Specialist",fuchsia,2005-05-18,awunsch@waelchi.com,"@DnXG\:$"
716b24b4-aa48-338d-938b-d9faa96c75c8,Mrs.,Josiane,Kemmer,"42/31 Jenkins Cliffs Apt. 837","Sipes Orchard","San Fernando","West Virginia",Philippines,612-604-030,"+63 (922) 150-9557","Goldner and Sons",rau.info,"Eligibility Interviewer",green,1983-10-08,pjohnston@stiedemann.info,;|=q.0co5/<E_g^Ycc
fc51d6df-b578-32fb-8723-f34351871e78,Mr.,Shaylee,Kovacek,"11A/80 Bins Ranch Apt. 692","Romaguera Pine",Guihulngan,Arkansas,Philippines,305-688-264,"(0923) 185-0946","Walker LLC",bayer.com,Auditor,yellow,2020-04-21,nohara@hotmail.com,W|AHg:@np^h${i{~
155d8bc0-6b8c-3e26-99c4-a25572bb1dff,Ms.,Russell,Ebert,"34/35 Medhurst Way","Mann Fort","La Carlota",Nevada,Philippines,643-844-261,"+63 (979) 432-2472",Mayert-Koepp,cartwright.com,"Outdoor Power Equipment Mechanic",fuchsia,1990-11-05,jacobi.isabel@corkery.com,"'y<&;0""5Fw~cCn"
431766de-9c9f-3a89-98b3-c3fd9b9bdef3,Dr.,Walton,Strosin,"41 Okuneva Mountains","Heathcote Locks","San Fernando",Maine,Philippines,467-276-085,"(0911) 451-5882","Stracke, Fahey and Ortiz",johns.com,"Septic Tank Servicer",silver,1977-07-01,predovic.trystan@gmail.com,"NvrUP[N.]>A""!'^r@()p"
d2bb151c-caee-37c1-8a89-01558156ffc4,Mrs.,Leopoldo,Herman,"96/39 Stokes Pines Suite 973","Johnston Loop",Talisay,Minnesota,Philippines,544-254-544,"(0905) 998-5529","Lueilwitz Group",dietrich.com,Computer,teal,1978-09-09,kshlerin.joana@beatty.biz,",Jk445z=EjPo"
fbf66ba9-0b6e-330c-b4ee-dae5bc8d2eb3,Mrs.,Braden,Tremblay,"28A/46 Sipes Mill Apt. 065","Kuhn Cliff",Butuan,Michigan,Philippines,755-149-883,"+63 (921) 462-2156","Klocko Group",jast.com,Construction,fuchsia,1974-07-16,adam77@yahoo.com,|DMl37Pc
b3561a75-6407-3232-b268-f518c68a1177,Dr.,Charley,Lakin,"16A Reichert Place","Wintheiser Extension",Sipalay,Hawaii,Philippines,660-596-498,"(0948) 665-8515","Rodriguez and Sons",ruecker.com,"Plating Machine Operator",aqua,2022-04-26,mcdermott.torrance@gmail.com,_.|.iHh$DL
8ee5a9a6-b60a-3114-b3e5-97ab07854ddb,Dr.,Itzel,Schumm,"72/63 Boyer Stream Apt. 319","Fay Well",Biñan,Oklahoma,Philippines,261-193-535,"+63 (938) 282-2445",Torphy-Williamson,boyle.biz,Manager,teal,2008-03-05,julien.berge@hotmail.com,D|;DlEk]
8d60304f-a1f3-3393-9441-0b7cf5e50ac8,Miss,Maida,Conn,"78A Langosh Shoal","Ondricka Ridges","General Santos",Alabama,Philippines,064-717-779,"(0908) 306-0332","Haley, Hettinger and Gutkowski",altenwerth.net,"Metal Worker",maroon,1973-10-27,keeling.gabriel@gmail.com,3d:F?]49ZB4
2e3a51f9-9125-315b-8646-67110982ad98,Mrs.,Gilbert,Kutch,"67 Farrell Loaf Suite 276","McGlynn Roads",Santiago,Vermont,Philippines,101-334-844,"+63 (934) 614-7638",Boyer-Kshlerin,dooley.com,"Data Processing Equipment Repairer",white,1999-01-08,acarroll@hotmail.com,"W""*S@M4GVhEug"
267ca537-19ce-36c6-a254-3dee7f6f6b3c,Dr.,Earl,Tromp,"46/16 Upton Well Apt. 558","Fisher Crossing",Malaybalay,Alabama,Philippines,520-975-585,"(0817) 340-3473",Grady-Kovacek,towne.biz,"Hand Trimmer",fuchsia,1989-03-31,brycen.wolff@yahoo.com,;M`)+fK9&|
199e84f1-fe5f-333b-81b9-cf7c382605e1,Prof.,Malika,Treutel,"12A/27 Kilback Points","Douglas Lakes",Tanauan,California,Philippines,900-952-247,"(0939) 674-4340",Sanford-Bechtelar,pagac.org,"Cutting Machine Operator",white,1976-02-07,austin.becker@yahoo.com,?p;nUXrNr
e8b21aaf-2df3-31a6-a1a4-652e73f373ff,Mrs.,Dakota,Stoltenberg,"73A/30 Orn Forges Suite 560","Mayer Glen","San Jose del Monte",Kentucky,Philippines,944-979-691,"+63 (915) 140-2443",Waelchi-Wintheiser,gulgowski.com,"Chemical Equipment Operator",maroon,2015-12-31,lrodriguez@wiza.biz,"(r""x""Bo"
86af9334-6165-3b24-b1bd-5e579dfa2e50,Dr.,Ines,Bailey,"05A Mann Roads","Hackett Locks",Parañaque,"Rhode Island",Philippines,647-855-142,"(0974) 905-6536",Sawayn-Prohaska,grimes.com,"Printing Press Machine Operator",maroon,2016-04-14,verona.aufderhar@lang.com,T)df{1GeqZw
b397c700-9d17-3b93-ad4e-5101ca7be519,Mr.,Madelyn,Rowe,"54A Stroman Trafficway","Cronin Summit",Oroquieta,Vermont,Philippines,863-347-390,"(0973) 993-0408","Stehr Group",upton.com,"Mold Maker",teal,1998-08-07,howe.joel@mills.com,4B<jr;(?
2f34f8c0-2bb0-345e-b241-ae9692f920b9,Prof.,Ada,Stoltenberg,"33/71 Goodwin Island Apt. 482","Mayert Street","San Carlos",Minnesota,Philippines,813-389-529,"(0900) 102-6946","Stroman LLC",jones.com,"Separating Machine Operators",blue,1973-08-10,charlie.thompson@gmail.com,"XTUy%P\U~Di`"
14f052e7-abcd-3323-8389-03bff819e591,Mr.,David,Eichmann,"88 Hauck Ramp","Hane Causeway",Mabalacat,Kansas,Philippines,045-407-722,"(0917) 224-3736","Ortiz, Powlowski and Friesen",jacobson.com,"Coating Machine Operator",white,1980-11-01,vivienne.weber@hahn.net,pf}*LGqAYw7wU
99548f9f-b72a-3d36-9fdf-3636a6f77077,Prof.,Katelyn,Parker,"23 Oberbrunner Curve","Witting Underpass",Laoag,"New Jersey",Philippines,278-767-222,"+63 (943) 816-2117","Krajcik LLC",moen.org,"Nursery Manager",olive,1975-09-28,rita.turner@prohaska.org,"8?GG65K~S^:z,so$"
0a04fd25-1a22-3195-b0b1-5e769fe17c45,Prof.,Myrtle,Abernathy,"75A O'Connell Courts Suite 019","Hackett Lodge",Valenzuela,Nebraska,Philippines,253-144-656,"+63 (926) 704-8992","Koepp LLC",dickens.biz,"Plumber OR Pipefitter OR Steamfitter",gray,1982-04-22,jaime.heidenreich@waelchi.com,"7Zm54K);QLfz,Iv2-"
ed160962-766b-3afb-af89-afe78d1f2ebd,Dr.,Vernice,Farrell,"84 Mertz Rapid","Nolan Mountains",Catbalogan,Michigan,Philippines,311-268-312,"(0908) 626-1927","Gleichner, Wolff and Lowe",armstrong.com,"Health Educator",aqua,2010-02-12,tito39@metz.com,"KnG4=EE8W\nu^."
1daf32c0-45f1-3ef7-8c45-a3e999784df9,Prof.,Felicity,Goldner,"03A Williamson Radial Suite 226","Bernier Inlet",Tagbilaran,"North Carolina",Philippines,980-194-191,"(0943) 620-1872","Stehr Ltd",doyle.com,"Motor Vehicle Inspector",white,1995-06-26,oboehm@goodwin.com,"9t+NozyC\eAd.s*"
6566fd40-ce7c-3748-abd3-3f9bc6a24f01,Dr.,Fatima,Little,"56A Moen Stream","Raynor Orchard",Malabon,Virginia,Philippines,299-919-426,"(0980) 742-3995","D'Amore, Crona and Emmerich",schuster.com,Silversmith,olive,2024-07-07,monroe.kovacek@hotmail.com,"iuMO>]\!"
293d09a5-b3c9-3e39-a555-db8f675a464d,Dr.,Howell,Schimmel,"31A/64 Lehner Common","Grady Springs",Marawi,Missouri,Philippines,363-526-701,"+63 (939) 532-7433","Muller, Hills and Heaney",bode.org,"Criminal Investigator",navy,2009-03-25,lauryn.cassin@gmail.com,}=fuz&(I:t__373ijeQb
00199b32-c5ce-37a4-95bd-f747c8082564,Ms.,Dangelo,Schoen,"21A/90 Ryan Landing","Wyman Cliff",Roxas,Louisiana,Philippines,304-935-984,"+63 (936) 558-5457",Brown-Beatty,buckridge.com,"Architectural Drafter",purple,2023-02-22,vhermiston@leuschke.net,vt&M%N#|d
e67e0699-986f-3e04-a972-11f180cb4d46,Prof.,Maddison,Reichert,"96A Hagenes Valley","Conn Flat",Sagay,Nebraska,Philippines,062-309-911,"(0971) 486-1636",Schowalter-Rippin,monahan.com,"Insulation Worker",maroon,2018-04-11,wkertzmann@osinski.com,"}KTBk?""')SgCS&1)"
e6e37628-c124-3f7c-9ee8-2777c4aab652,Dr.,Rosina,Brakus,"42 Luettgen Mount","Beer Island",Samal,"New York",Philippines,957-553-827,"+63 (925) 573-9664",Stehr-Lowe,weimann.org,"Interaction Designer",navy,1985-06-25,ekovacek@gmail.com,"?]J1|K+-""b"
868529f0-7387-3b20-b4e1-51122f5b7be0,Ms.,Lizzie,Tromp,"93/25 Nolan Plains Apt. 875","Keeling Burg",Santiago,"New Mexico",Philippines,428-226-769,"+63 (940) 032-5138",Ledner-Abshire,mayert.com,Garment,purple,1991-02-04,adrienne.oconnell@hayes.com,<3&?wlQ
969c4c71-1947-3a4b-8adc-ea891689388b,Prof.,Jenifer,Harber,"13A/86 McKenzie Corners","Rath Mount",Iriga,Colorado,Philippines,980-866-587,"(0996) 289-4914",Bailey-Zboncak,morissette.com,"Claims Taker",green,2013-03-24,kellie.aufderhar@yahoo.com,@(%D3(C:l
6c68d7df-2857-3c44-ac8a-aebf718e5997,Mrs.,Ransom,D'Amore,"81A Gerhold Haven Suite 190","Legros Square","San Juan",Illinois,Philippines,704-726-442,"+63 (921) 999-8281",Treutel-Wunsch,rice.com,"Electrical Sales Representative",silver,1970-05-13,wellington.vandervort@gmail.com,"\Jbg76D"
6a745f82-fb18-3355-b956-7d8f7512c898,Prof.,Keira,Skiles,"20A Dare Turnpike","Balistreri Cape","Quezon City",California,Philippines,218-160-342,"(0817) 821-5799","Hettinger Ltd",quitzon.org,"Mechanical Door Repairer",lime,2003-02-17,heaney.glenna@kunze.biz,m'3v]qRQn}o-rb
6037b1d9-ca78-3b32-9b7d-ac5c6ca4ac82,Mr.,Madelynn,Leuschke,"64/94 Rowe Turnpike Apt. 852","Treutel Extension",Isabela,Missouri,Philippines,694-137-721,"(0948) 920-2091","Hamill, Kulas and Botsford",schmidt.info,Opticians,gray,1975-01-13,stephanie13@gmail.com,]>1!DBuW@i
4869da28-9838-3931-9ea4-c36517329802,Mrs.,Everett,Barrows,"77A Ebert Lock Suite 407","Windler Lakes",Kabankalan,"North Dakota",Philippines,714-372-006,"(0939) 906-3900",Reinger-Carroll,satterfield.com,"Municipal Fire Fighting Supervisor",aqua,2002-02-07,keon.howell@huel.org,"&E,,7HTmNGJ(:3C2\LA("
7a3f3294-c740-3210-b25d-ad5614c7f11d,Ms.,Madyson,Gleichner,"92/14 Feest Trail","Breitenberg Key",Naga,"New Hampshire",Philippines,662-704-371,"(0937) 452-8447","Harris, Klein and Donnelly",schamberger.com,Illustrator,silver,2024-07-15,znolan@mcglynn.com,'w9Ohu
e7eb02be-eaed-30f9-8b79-6a4dba1f075c,Dr.,Bernie,Hackett,"75A/69 Beier Plaza","Dare Roads","Zamboanga City","New Jersey",Philippines,597-926-981,"(0978) 108-6001",Howell-Kutch,bradtke.net,"Hazardous Materials Removal Worker",teal,2001-11-02,tgraham@gmail.com,t'5ny:@JZ|BF4
c00288d2-2922-3911-a6e5-6eea0d3a1720,Mrs.,Bernadine,Jaskolski,"31 Senger Forges","Harber Gardens",Malaybalay,Texas,Philippines,736-448-179,"+63 (909) 917-1947",Beier-Nitzsche,thiel.org,Composer,black,1973-02-19,jovany30@jacobs.com,R;WK]w9cz/WfY=~
5ffa4be3-899e-3f61-b218-560e90dd339e,Dr.,Margie,Baumbach,"87 O'Kon Lights Suite 738","Wehner Viaduct",Calamba,"Rhode Island",Philippines,956-533-598,"+63 (918) 043-4303","Batz and Sons",wiza.com,"Fashion Designer",purple,1984-07-01,breana.bins@hotmail.com,"a\fpS<`z+"
2cbde390-9ffa-347a-b6f3-36e7f78abf5c,Dr.,Harley,O'Hara,"13A Cronin Unions Suite 140","Ward Way",Cauayan,"New Jersey",Philippines,890-176-947,"+63 (977) 570-9988","Hilpert, Trantow and Hegmann",johnson.biz,"Educational Psychologist",olive,1976-10-01,lucile.grady@zboncak.com,3r}*Zn2`%*el
299171f4-36bb-3212-ac12-e7c7e650eed3,Miss,Renee,Wyman,"68A/49 Johnston Lights Suite 520","Tillman Mews",Santiago,Alaska,Philippines,985-616-282,"(0938) 676-5071",Purdy-Bauch,hermann.com,"Directory Assistance Operator",yellow,1982-12-15,rowe.hunter@yahoo.com,"\<;y[RT'ytyS'%"
4b99f782-fc9b-3ccb-8723-b37932922253,Prof.,Michelle,O'Kon,"52A Donnelly Crossing Suite 623","Davis Rue","Las Piñas",Oklahoma,Philippines,870-241-875,"(0938) 479-1390","Lehner, Kertzmann and Hand",wilkinson.org,Infantry,green,1999-06-14,weimann.tomas@gmail.com,F&[kWyBe
4468d42e-0cd9-3bd4-b7b7-5eea22fab6a7,Prof.,Davon,Hackett,"13A/00 Hyatt Summit","Lehner Lodge",Carcar,Maryland,Philippines,780-538-591,"(0916) 588-5636","Bahringer, Abernathy and Farrell",wiegand.com,"User Experience Researcher",green,1989-01-19,lnienow@yahoo.com,"OM^HFu6!G""L$m`Bga"
d83b4728-098b-381a-b511-2a63a14d2c90,Ms.,Alexandro,Pfeffer,"83A Runolfsson Rue","Thiel Gateway",Bogo,Wisconsin,Philippines,391-152-516,"+63 (915) 131-7707",Hintz-Monahan,senger.com,"Optical Instrument Assembler",silver,1974-07-16,adell.collins@sporer.com,"2d6O5=cP9\G}7$j"
5e2b2109-10f7-328d-9b75-1a918ff9c609,Dr.,Trace,Mraz,"08A Zieme Branch Suite 695","Ullrich Pine",Dumaguete,"South Carolina",Philippines,427-961-123,"(0946) 582-3846","Brakus, Hayes and Wolf",weimann.com,"Tax Examiner",silver,2014-07-03,zechariah12@gmail.com,"X5W,qU"
0255adb8-7b4a-3677-8be3-c01d13a79317,Prof.,Jazmyn,Luettgen,"60A Cole Route","Ortiz Garden",Toledo,Washington,Philippines,660-754-685,"(0930) 424-7783","Lind Group",zulauf.org,"Photographic Reproduction Technician",aqua,1988-05-11,mariane37@turcotte.com,jV!0?BPbcq
f310c4a3-686b-3dc8-afc2-d2e0f0d297ca,Dr.,Jessyca,Haag,"70A/89 Krajcik Turnpike","Feil Squares","Iloilo City",Minnesota,Philippines,502-422-665,"(0975) 359-8365",Lemke-Nader,lemke.com,"Musician OR Singer",navy,2021-12-16,mbreitenberg@hotmail.com,f1O.fj@amk$p
b02491cf-6ea8-34ae-a2f2-8255a4219935,Dr.,Teresa,Lowe,"26A/03 Schamberger Highway Apt. 077","Brown Estates",Dagupan,Indiana,Philippines,623-985-791,"(0940) 929-0944","Kulas Group",mann.com,"Funeral Director",white,2010-02-09,frida28@bashirian.info,";iZO:\2yypp~EFew>Y"
a61a1063-69a3-3261-bf28-f2eb3758bb61,Dr.,Lou,Klocko,"89A/62 Reilly Knolls","Buckridge Walks",Naga,Utah,Philippines,280-936-977,"(0997) 336-1107","Macejkovic and Sons",heathcote.net,"Advertising Manager OR Promotions Manager",fuchsia,1987-04-19,ywiza@hotmail.com,pm~*57/1_pQ)m
79184b1d-45cd-3e24-baf0-73c93df45b77,Ms.,Sonny,Shields,"91A/53 Schneider Meadow","Wuckert Harbors","San Fernando",Illinois,Philippines,821-707-452,"+63 (921) 419-5057",Maggio-Muller,kertzmann.com,"Model Maker",black,1972-07-19,mclaughlin.odell@hotmail.com,4:59;NcF9GJ7YdSa
76f7dca4-cc69-3caf-9b65-53b7172c583f,Ms.,Thea,Lebsack,"58A/93 Jast Vista Suite 673","Pacocha Forest",Mandaue,Georgia,Philippines,447-055-979,"(0926) 462-6556",Pfeffer-Ziemann,glover.info,"Log Grader and Scaler",silver,2016-09-17,tressie42@reichel.com,"u2_AO"""
f2bd35fa-0182-3665-b82d-6e8a35abd366,Dr.,Norris,Weber,"12A/77 Nikolaus Drive","Denesik Corner","Santa Rosa",Mississippi,Philippines,213-365-096,"(0946) 771-6253","Kuphal, Gutkowski and Feest",deckow.com,"Director Religious Activities",silver,2018-09-10,hweissnat@emard.com,"e""/(c}+"
